,class_prob_max,class_prob_mean,class_prob_median,class_prob_min,class_prob_std,corr_with_dependent_abs_25p,corr_with_dependent_abs_75p,corr_with_dependent_abs_kurtosis,corr_with_dependent_abs_max,corr_with_dependent_abs_mean,corr_with_dependent_abs_median,corr_with_dependent_abs_min,corr_with_dependent_abs_skew,corr_with_dependent_abs_std,diversity_fraction,entropy_dependent,kurtosis_kurtosis,kurtosis_max,kurtosis_mean,kurtosis_median,kurtosis_min,kurtosis_skew,kurtosis_std,n_categorical,n_classes,n_columns,n_numerical,n_rows,pca_fraction_95,ratio_rowcol,skew_kurtosis,skew_max,skew_mean,skew_median,skew_min,skew_skew,skew_std,symbols_kurtosis,symbols_max,symbols_mean,symbols_min,symbols_skew,symbols_std,symbols_sum,dataset
0,0.5,0.5,0.5,0.5,0.0,,,,,,,,,,0.9999999999999999,0.6931471805599453,20.844263400073928,61.87884501695726,1.9329118261362712,-0.3453933597129111,-1.1159002012238493,4.1541806341743355,6.565402634652657,0,2,1001,1000,1600,0.68,1.5984015984015985,4.901905991099742,7.987583987896343,1.188640959331312,0.8133347552264456,-0.0540581482449787,2.075662089354239,1.2381334285458991,,,,,,,,GAMETES_Epistasis_2-Way_1000atts_0.4H_EDM-1_EDM-1_1
1,0.5,0.5,0.5,0.5,0.0,,,,,,,,,,0.9999999999999999,0.6931471805599453,3.8800986468275145,6.719487283939646,0.4785948572412588,-0.35668004575486045,-1.0347822991043858,1.9001072940647443,1.9509366783467834,0,2,21,20,1600,0.9,76.19047619047619,-0.09082513800467495,2.793003005750892,0.963782155972484,0.7974823190422156,0.027364159987719523,0.8241637581366557,0.7544542251293677,,,,,,,,GAMETES_Epistasis_2-Way_20atts_0.1H_EDM-1_1
2,0.5,0.5,0.5,0.5,0.0,,,,,,,,,,0.9999999999999999,0.6931471805599453,7.561993985478198,43.64592973093926,4.093630557607727,-0.13643951615144245,-1.0224842141461714,2.8439983764727486,11.478343962415373,0,2,21,20,1600,0.8,76.19047619047619,4.250067043408343,6.7521384641907565,1.4559902053994143,0.9282936484391989,0.15732451053821486,2.1960798068676923,1.7587562529990415,,,,,,,,GAMETES_Epistasis_2-Way_20atts_0.4H_EDM-1_1
3,0.5,0.5,0.5,0.5,0.0,,,,,,,,,,0.9999999999999999,0.6931471805599453,3.128974664864094,7.98022024890793,1.0199903493879428,0.05594726020398966,-1.0541467675610299,1.9421975644020515,2.4961384581897454,0,2,21,20,1600,0.9,76.19047619047619,0.5838879289218575,2.9652014688564328,1.1996325785209083,1.027718565913676,0.08336600730938575,0.9878876705698111,0.7601787978503811,,,,,,,,GAMETES_Epistasis_3-Way_20atts_0.2H_EDM-1_1
4,0.5,0.5,0.5,0.5,0.0,,,,,,,,,,0.9999999999999999,0.6931471805599453,17.331885171017273,40.86799838561809,2.8759738071728354,0.03067548616245208,-0.9601757007422402,4.07003141464229,8.984281541056905,0,2,21,20,1600,0.85,76.19047619047619,8.901582916284195,6.543463525624583,1.4301212082877692,1.021849516750044,0.12472042642161385,2.685291350824744,1.3838965329954351,,,,,,,,GAMETES_Heterogeneity_20atts_1600_Het_0.4_0.2_50_EDM-2_001
5,0.5,0.5,0.5,0.5,0.0,,,,,,,,,,0.9999999999999999,0.6931471805599453,18.986508904932663,50.35183288909909,2.702486814647487,-0.4385386212608555,-1.0182346547476082,4.315722384139405,11.05308227785006,0,2,21,20,1600,0.85,76.19047619047619,11.906940445292859,7.231106043494561,1.1498908877608405,0.7523980525794558,0.008642354932371001,3.1966654182580507,1.5530635215150226,,,,,,,,GAMETES_Heterogeneity_20atts_1600_Het_0.4_0.2_75_EDM-2_001
6,0.5,0.5,0.5,0.5,0.0,,,,,,,,,,0.9999999999999999,0.6931471805599453,2.1347566954830297,11.469108762047716,9.587345867784952,9.46029375550227,8.821395553031163,1.311656825589407,0.5271259503858565,0,2,101,100,1212,0.01,12.0,0.7735708777294876,3.1683960782890703,3.0046762883043816,2.9976159790121466,2.92102872697285,0.9180178514517664,0.05111878613931842,,,,,,,,Hill_Valley_with_noise
7,0.504950495049505,0.5,0.5,0.49504950495049505,0.007001057239470774,,,,,,,,,,0.9999509855979263,0.6930981649566266,1.224669809214097,12.666353768842773,11.013298236724863,10.767502433249627,10.514616857357073,1.496332930896687,0.5214915655257681,0,2,101,100,1212,0.01,12.0,1.012747823315074,3.3782160306047544,3.23603117199765,3.2194342584624365,3.1877004493753955,1.3705874081178377,0.04355333915393741,,,,,,,,Hill_Valley_without_noise
8,0.7607182343065395,0.5,0.5,0.23928176569346055,0.3687112629142745,,,,,,,,,,0.8668437292736687,0.5502506190603338,4.713303895495156,152.69309629828723,36.306416162924755,6.057848212464709,-0.18426874062387633,2.161324299860085,58.601052307716884,9,2,15,5,48842,0.00819672131147541,3256.133333333333,2.452186932695886,11.89465899658795,3.73993794133287,1.4388918785218419,0.23874965720275768,1.643260735032693,4.355885527941136,4.7856187764661335,42.0,13.11111111111111,2.0,2.0172832249366675,11.983785341498367,118.0,adult
9,0.5190914671577656,0.5,0.5,0.4809085328422345,0.02699941178011253,,,,,,,,,,0.9992711202905475,0.6924180350885306,-1.860536791956012,2.51757122576558,0.1094210814042104,-0.8107490409744706,-1.334836176473679,0.9051908325154665,1.6671811515469022,16,2,23,6,8145,0.2,354.1304347826087,-1.8662836152714626,0.7024968851035552,-0.40039340979842236,-0.010573907189162516,-1.8392497587726078,-0.687818606660832,1.0369667162560812,-0.954275145716974,7.0,3.6875,1.0,0.29751287352752953,1.778341924377874,59.0,agaricus-lepiota
10,0.9567868504772005,0.3333333333333333,0.039501590668080594,0.003711558854718982,0.5402230535839747,,,,,,,,,,0.40335848993202017,0.19068272939589553,-1.1907152711578732,1.493807612242792,-0.4245557673881552,-0.5940612261725762,-1.8482544283203384,0.5578919910690289,1.239140525385757,22,3,30,7,3772,0.12903225806451613,125.73333333333333,1.5943986663676926,1.4059442874713202,0.19880093637880086,0.21331658311250928,-1.5894085358559218,-0.8925339336747995,0.8910761798927679,5.6642840236686425,3.0,1.9545454545454546,1.0,-0.5906272018620772,0.37509017674772643,43.0,allbp
11,0.9732166534075842,0.25,0.012065765049058605,0.0026518164942985947,0.4822194134578896,,,,,,,,,,0.2879812043255412,0.14143429738545552,-1.1885813716245992,1.4975736508103639,-0.42393650201111305,-0.5941102689850584,-1.848453743623724,0.5585407434129782,1.240003179149448,22,4,30,7,3771,0.12903225806451613,125.7,1.5937190942256168,1.4061756339197111,0.19884387236949744,0.21343862837193692,-1.590100217450547,-0.8928515505271558,0.8914348616138404,5.6642840236686425,3.0,1.9545454545454546,1.0,-0.5906272018620772,0.37509017674772643,43.0,allhyper
12,0.923342175066313,0.3333333333333333,0.051458885941644564,0.025198938992042442,0.5111313150216568,,,,,,,,,,0.45861804051356664,0.31907471756885863,-1.194185004666135,1.491174797564656,-0.42435138410025275,-0.593244499883613,-1.8485986786701214,0.5580041548763175,1.2395588797059511,22,3,30,7,3770,0.12903225806451613,125.66666666666667,1.5927791647502945,1.4067696161916368,0.19916384632016898,0.21438448376786,-1.5886401719847845,-0.8918662251873699,0.8909884384466308,5.6642840236686425,3.0,1.9545454545454546,1.0,-0.5906272018620772,0.37509017674772643,43.0,allhypo
13,0.9671261930010604,0.25,0.01193001060445387,0.009013785790031814,0.47808850633315575,,,,,,,,,,0.2993499405410916,0.18015234088237567,-1.1907152711578732,1.493807612242792,-0.4245557673881552,-0.5940612261725762,-1.8482544283203384,0.5578919910690289,1.239140525385757,22,4,30,7,3772,0.12903225806451613,125.73333333333333,1.5943986663676926,1.4059442874713202,0.19880093637880086,0.21331658311250928,-1.5894085358559218,-0.8925339336747995,0.8910761798927679,5.6642840236686425,3.0,1.9545454545454546,1.0,-0.5906272018620772,0.37509017674772643,43.0,allrep
14,0.5,0.5,0.5,0.5,0.0,,,,,,,,,,0.9999999999999999,0.6931471805599453,2.1031386725536194,7.814248603255914,1.6349129355621679,0.01755529290063418,-1.3097074468085106,1.5442402617152955,3.72860304736562,0,2,5,4,50,0.25,10.0,-3.202537491907833,2.6963432913805963,1.089999798403644,0.8318279511169898,0.0,0.49705238038424676,1.149523799659142,,,,,,,,analcatdata_aids
15,0.5542168674698795,0.5,0.5,0.4457831325301205,0.0766742292852883,,,,,,,,,,0.9941268024557683,0.6872566679612404,-1.499999999999999,-1.2403333647323869,-1.6677143446186813,-1.8563670920928443,-1.9064425770308124,1.6966133132171537,0.302894662684758,0,2,4,3,83,0.3333333333333333,20.75,-1.5,0.32227885058996003,-0.008978091212580827,0.02508246904027929,-0.3742955932679818,-0.434341324104076,0.2853933896484573,,,,,,,,analcatdata_asbestos
16,0.3769322235434007,0.25,0.2788347205707491,0.06539833531510107,0.14439255472989965,,,,,,,,,,0.8629901806585032,1.2389423950087133,13.796846194577988,21.231717234335747,2.359129460351533,1.414122980328052,-0.7902615862988696,3.3813279711745183,3.634263391515818,0,4,71,70,841,0.4714285714285714,11.845070422535212,4.29411328980181,4.087186736805138,1.1147021119329905,1.0322539044597872,-0.04070892060729227,1.5276358609837093,0.6778125117860878,,,,,,,,analcatdata_authorship
17,0.5,0.5,0.5,0.5,0.0,,,,,,,,,,0.9999999999999999,0.6931471805599453,4.475291400457408,25.879747228291745,6.841704831276426,4.005457445970826,-1.2,2.0219379084562847,8.868813423217448,0,2,7,6,50,0.6666666666666666,7.142857142857143,1.3937724511230103,4.653761437921603,0.058285479475456224,-0.7340353913725337,-2.3049941013309003,1.3034476387093548,2.36893166890967,,,,,,,,analcatdata_bankruptcy
18,0.65,0.5,0.5,0.35,0.21213203435596428,,,,,,,,,,0.9553280004261238,0.6474466390346325,-1.5,-1.2173302577474676,-1.2273325978671477,-1.2251098556183302,-1.2395576802356452,-0.8523576571303719,0.009209416012809711,0,2,4,3,120,0.6666666666666666,30.0,-1.4999999999999998,0.883959648163072,0.29465321605435735,0.0,0.0,1.732050807568877,0.41670257434092195,,,,,,,,analcatdata_boxing1
19,0.5378787878787878,0.5,0.5,0.4621212121212121,0.053568695544435406,,,,,,,,,,0.9971317649275738,0.6902748242189058,-1.500000000000001,-0.9487800636056458,-1.1289031137483734,-1.2172936187247458,-1.2206356589147287,1.731156542966946,0.12737353781351798,0,2,4,3,132,0.6666666666666666,33.0,-1.5000000000000002,1.0323896562668884,0.3441298854222961,0.0,0.0,1.7320508075688774,0.48667315118211046,,,,,,,,analcatdata_boxing2
20,0.73,0.5,0.5,0.27,0.3252691193458118,,,,,,,,,,0.8959341693344337,0.583258840128597,-2.314620802728785,20.50047991250626,8.959526006418214,9.552980916147613,-1.6833118556701034,0.007514869788902739,8.427567587946855,0,2,7,6,100,0.16666666666666666,14.285714285714286,-2.4303836395354814,4.192636648331106,2.447436974211139,2.586257008850551,0.5922544268491788,-0.14549936537297348,1.4960923504873131,,,,,,,,analcatdata_creditscore
21,0.7525773195876289,0.5,0.5,0.24742268041237114,0.35719827090866835,,,,,,,,,,0.8748863688098307,0.5594859152849988,-0.7093586002506718,0.9101634214556684,-1.0229337042993907,-1.396341135868724,-2.042105263157895,0.866928359535319,1.009099272424062,0,2,11,10,97,0.2,8.818181818181818,3.783761832187322,0.7808779753981454,0.0006248634134634702,-1.3877787807814457e-17,-0.9491608034661926,-0.6816767302922654,0.4009734842610137,,,,,,,,analcatdata_cyyoung8092
22,0.7934782608695652,0.5,0.5,0.20652173913043478,0.4150409367834083,,,,,,,,,,0.8320726203082383,0.5093116226143128,0.7792714116838773,0.9403328592962064,-1.135202597238291,-1.441574790793616,-2.0429456087691795,1.0909074284881284,0.9240145023139369,0,2,11,10,92,0.2,8.363636363636363,2.2352654078585488,0.6783197338230266,-0.14576674442551568,-0.1802708901906239,-1.0441255736416126,-0.1618027234158946,0.41905765238740705,,,,,,,,analcatdata_cyyoung9302
23,0.1944792973651192,0.16666666666666666,0.16248431618569636,0.15432873274780426,0.0149603091781848,,,,,,,,,,0.9967452340323314,1.7884993949883827,0.9115785328713013,-0.555417871959734,-1.149957408953115,-1.0208314374621228,-2.0027488889284806,-1.0414916998266064,0.541776706954479,0,6,5,4,797,0.75,159.4,0.4553286729456083,0.6535226796216888,0.051923688418863516,0.07664749987745183,-0.5991229257011383,-0.26173289420602003,0.45220878382876145,,,,,,,,analcatdata_dmft
24,0.6904761904761905,0.5,0.5,0.30952380952380953,0.2693740118805895,,,,,,,,,,0.9282742558568129,0.6187191250308035,-1.0558131393072407,12.72062630229923,2.8952415132615035,0.7061368778280563,-2.0922902097902094,0.8186055157712435,5.461785341507748,0,2,12,11,42,0.36363636363636365,3.5,-1.6746070536686752,3.4527580948480123,1.6690015566522256,1.6354809060694193,-0.09891456368549041,0.19736170734598946,1.2730121469100133,,,,,,,,analcatdata_fraud
25,0.25,0.25,0.25,0.25,0.0,,,,,,,,,,0.9999999999999999,1.3862943611198906,4.932377047584862,11.936416805970026,1.062754672410035,-1.301246155209296,-2.0100755667506296,2.217150761942258,5.446064622792986,0,4,6,5,400,0.2,66.66666666666667,5.000000000000002,3.2218216628239054,0.6443643325647811,0.0,0.0,2.23606797749979,1.2887286651295622,,,,,,,,analcatdata_germangss
26,0.3333333333333333,0.3333333333333333,0.3333333333333333,0.3333333333333333,0.0,,,,,,,,,,0.9999999999999999,1.0986122886681096,-1.4999999999999993,0.3752028474638971,-0.7687960663726917,-1.3081367211131274,-1.3734543254688445,1.7235942623824143,0.8093687801837361,0,3,4,3,60,0.3333333333333333,15.0,-1.5000000000000002,1.0680641879103883,0.35602139597012944,0.0,0.0,1.7320508075688763,0.503490286675959,,,,,,,,analcatdata_happiness
27,0.5192307692307693,0.5,0.5,0.4807692307692308,0.02719641466102108,,,,,,,,,,0.9992604461682089,0.6924073531233138,-1.7013257222806781,16.59695191408379,7.836560610846651,5.738477976321207,-1.2,0.08261182719873875,5.986270643408494,0,2,10,9,52,0.1111111111111111,5.2,-1.212321004316162,1.5153236456169954,-1.6856151954365595,-2.274155399430698,-3.582009126516219,0.7550068953363268,1.8577977300497648,,,,,,,,analcatdata_japansolvent
28,0.928030303030303,0.5,0.5,0.07196969696969698,0.6053262596521202,,,,,,,,,,0.6476254346714209,0.2587043978901781,-2.70047880404052,1.0176392773975023,-0.1549945116692254,0.0347062412205994,-1.7070298065156024,-0.5110826043778395,1.097996398738532,0,2,5,4,264,0.75,52.8,-1.4646826354729576,0.9444697380163879,0.08486998639115348,0.18477574172020766,-0.9745412758921893,-0.5160997915816731,0.733588079944516,,,,,,,,analcatdata_lawsuit
29,0.9258333333333333,0.3333333333333333,0.051111111111111114,0.023055555555555555,0.51331176301482,,,,,,,,,,0.45459025110352685,0.3102534758756272,5.435603075196898,261.9477142845846,57.607204602030585,16.90781943712384,-0.8762368326035417,2.3096435940174187,92.62060763385696,15,3,22,6,7200,0.5714285714285714,327.27272727272725,4.953613795432763,14.525564126070819,3.8249341750079657,1.9504937087205318,-0.21257234769231886,2.1657596463015927,4.915345665373068,-3.0,2.0,2.0,2.0,0.0,0.0,30.0,ann-thyroid
30,0.8018867924528302,0.5,0.5,0.19811320754716982,0.4269323961881042,,,,,,,,,,0.822528983974963,0.49777562247179563,4.452150103293066,5.319422971587894,1.3373586765536023,0.8241556149720961,-0.06466245405366244,2.049814018854756,1.7321483030218767,0,2,8,7,106,0.42857142857142855,13.25,-0.8072038717745542,2.0405760464786686,0.23121482439885718,0.20576966206912584,-1.2122210852887918,0.2460669144928303,1.1148468812633117,,,,,,,,appendicitis
31,0.5550724637681159,0.5,0.5,0.4449275362318841,0.07788422517417042,,,,,,,,,,0.9939401576580635,0.6870689028587588,11.900551123706634,214.66997242752612,21.295216893053674,0.5069631324852606,-1.9971378336902235,3.387495100540369,55.36033667840478,0,2,15,14,690,0.07142857142857142,46.0,6.825909278141882,13.140655014445459,1.6774970303594134,0.38099919060115567,-1.9447254706547497,2.413185722352925,3.638572584583661,,,,,,,,australian
32,0.3316831683168317,0.20000000000000004,0.15841584158415842,0.10891089108910891,0.0952632703479393,,,,,,,,,,0.9154254355949772,1.5210715476029046,22.16288088467371,63.9499527789702,3.474551527918479,-0.0036632826208315983,-1.6638023032580644,4.609559365718104,12.67520148400667,0,5,26,25,202,0.04,7.769230769230769,10.36962538008447,8.081884202418792,0.6189632770781832,0.09405138402923065,-2.7052539540760216,2.6014939653178586,1.8476963220337617,,,,,,,,auto
33,0.8611111111111112,0.5,0.5,0.1388888888888889,0.510688230856951,,,,,,,,,,0.7481095738042605,0.40294135786694235,20.36329641200259,180.0,13.687538802564003,2.0156281587389957,-1.6123329844147054,4.2456919303866725,33.06693124816294,0,2,33,32,180,0.0625,5.454545454545454,5.678573906301063,13.416407864998739,2.6721277673943185,1.8039219991361333,-0.07909091849617983,2.090067596203538,2.788031490841284,,,,,,,,backache
34,0.4608,0.3333333333333333,0.4608,0.0784,0.2207787429381129,,,,,,,,,,0.8311344295511353,0.9136485598712406,-3.0,-1.3007984392499732,-1.3007984392499732,-1.3007984392499732,-1.3007984392499732,0.0,0.0,0,3,5,4,625,1.0,125.0,-3.0,0.0,0.0,0.0,0.0,0.0,0.0,,,,,,,,balance-scale
35,0.5516981132075471,0.5,0.5,0.4483018867924528,0.07311217284721283,,,,,,,,,,0.994659357034006,0.6877922253799458,-2.0,-0.6307220671475475,-0.844289643678921,-0.844289643678921,-1.0578572202102945,0.0,0.21356757653137348,0,2,3,2,5300,1.0,1766.6666666666667,-2.0,0.16876473006302237,0.09728044517366315,0.09728044517366315,0.025796160284303937,2.9681000912977735e-16,0.0714842848893592,,,,,,,,banana
36,0.6411483253588517,0.5,0.5,0.3588516746411483,0.1996138760287383,,,,,,,,,,0.9604123514377791,0.6527546265645937,-0.27450146598444203,24.097344649877122,6.325374626318755,0.6326812869641398,-1.031059900694202,1.2587481622089653,10.000419786960384,0,2,9,8,209,0.125,23.22222222222222,-1.0104855492232712,4.3924810254836055,1.5154427206885566,0.8579938751289196,-0.28503996283006044,0.8220324553793721,1.7492911967762133,,,,,,,,biomed
37,0.6552217453505007,0.5,0.5,0.3447782546494993,0.21951669744990102,,,,,,,,,,0.9521877259452132,0.6441541080484818,9.935859707617096,257.71715913954705,27.706468693004876,0.7311078725131734,-0.6237154123264794,3.1488442871061584,76.75917790657668,0,2,11,10,699,0.1,63.54545454545455,8.864074512480418,13.675325941281438,2.8049291712712603,1.4733646739124397,0.5928585326862844,2.9335512410321813,3.7013191222583273,,,,,,,,breast
38,0.7027972027972028,0.5,0.5,0.2972027972027972,0.28679855460713116,,,,,,,,,,0.9188139686566354,0.6084755754298137,-0.9900395306465453,0.8659367562086295,-0.5426446947254934,-0.46945225008620817,-1.9979453284763162,-0.33196932701980525,0.9494527294484085,0,2,10,9,286,0.6666666666666666,28.6,-1.0280919230938976,1.4018277144361688,0.48891123538860953,0.5036443477138223,-0.14799309687736134,0.5406178378373523,0.5328794145891989,,,,,,,,breast-cancer
39,0.6274165202108963,0.5,0.5,0.37258347978910367,0.18019417095263515,,,,,,,,,,0.9677022506120437,0.6603163491952275,5.877090272009436,49.20907650724118,7.814735362154533,3.022590146044778,-0.5355351225188576,2.506387723423782,12.658695068464375,0,2,31,30,569,0.03333333333333333,18.35483870967742,2.4833510064726907,5.447186284898395,1.7404066998407546,1.4175537520690003,0.4154259962824679,1.6694973766279098,1.257236575814803,,,,,,,,breast-cancer-wisconsin
40,0.6552217453505007,0.5,0.5,0.3447782546494993,0.21951669744990102,,,,,,,,,,0.9521877259452132,0.6441541080484818,6.766370461633784,12.65787806702549,2.1497253100557465,0.47426867548925467,-0.6237154123264794,2.528667374227802,3.8940412906930986,0,2,10,9,699,0.7777777777777778,69.9,3.8875122611147255,3.560657844495295,1.5971073079367961,1.422261257030544,0.5928585326862845,1.7099940863167162,0.796004161670109,,,,,,,,breast-w
41,0.5550724637681159,0.5,0.5,0.4449275362318841,0.07788422517417042,,,,,,,,,,0.9939401576580635,0.6870689028587588,12.94123889663407,214.6699724275262,18.535100139100923,-0.4623870883630605,-1.997137833690224,3.542747257272449,53.98295005033691,0,2,16,15,690,0.06666666666666667,43.125,8.190688436852398,13.140655014445459,1.7758729828902753,0.40880695178619747,-1.0731725473018399,2.6959528237744,3.413599379878005,,,,,,,,buggyCrx
42,0.5797101449275363,0.5,0.5,0.42028985507246375,0.11272716801524674,,,,,,,,,,0.9873192911086418,0.6803853852615318,-1.5132533035746243,13.813911752411286,6.571175730554462,5.901776568203542,0.7478828309967787,0.36405099631878257,4.626524275971515,0,2,7,6,345,0.5,49.285714285714285,-0.6646321925505299,3.0634986423558535,1.6886196204361752,1.9184459363504154,-0.38843312376253925,-0.6787151947183477,1.2145885756746457,,,,,,,,bupa
43,0.24060150375939848,0.2,0.20802005012531327,0.11027568922305764,0.05297062296873018,,,,,,,,,,0.9689524679426856,1.57789819144888,1.9053283396208105,14.578773730246766,2.2717536529674254,0.6876078805611694,-1.971028621213224,1.7346096159990925,4.75185598929867,0,5,33,32,399,0.1875,12.090909090909092,0.4223032827765687,0.9237586288026052,-1.294671484082003,-1.190650990304642,-3.868185601607784,-0.501635712124082,1.1470225274548307,,,,,,,,calendarDOW
44,0.7002314814814815,0.25,0.1310763888888889,0.03761574074074074,0.31236529732861545,,,,,,,,,,0.5766392600167465,0.8357559538495527,-3.333333333333333,-1.3604631232471827,-1.4306660923304275,-1.4306660923304277,-1.500869061413673,-1.95234185822241e-14,0.07020296908324519,0,4,7,6,1728,1.0,246.85714285714286,-3.0,0.0,0.0,0.0,0.0,0.0,0.0,,,,,,,,car
45,0.7002314814814815,0.25,0.1310763888888889,0.03761574074074074,0.31236529732861545,,,,,,,,,,0.5766392600167465,0.8357559538495527,-2.1150097465886937,-0.6651194294702782,-1.0232978431603046,-0.6651194294702782,-1.5008690614136735,-0.3113726201631388,0.41358880712369983,0,4,22,21,1728,0.7142857142857143,78.54545454545455,-2.1150097465886923,1.1557039956531252,0.9637113992709859,1.1557039956531252,0.7077212707614663,-0.31137262016314093,0.22169395440728681,,,,,,,,car-evaluation
46,0.625,0.3333333333333333,0.20153061224489796,0.17346938775510204,0.2529801205891483,,,,,,,,,,0.836800364910743,0.9204425390753399,-0.45218254602957586,0.6969469997428215,-0.5621279296023495,-0.7937743219937188,-1.3981986376833877,0.9612217689868673,0.716844551289517,0,3,9,8,392,0.125,43.55555555555556,1.4358910142613794,1.0873262824048693,0.4878341764197918,0.48260078167780013,0.019688299628885138,0.6735106021444477,0.2944930532720843,,,,,,,,cars
47,0.625,0.3333333333333333,0.20153061224489796,0.17346938775510204,0.2529801205891483,,,,,,,,,,0.836800364910743,0.9204425390753399,-1.0110335164786732,0.6969469997428215,-0.4956535932699616,-0.7782892556594696,-1.3981986376833877,0.7222515832990165,0.742916452889863,0,3,8,7,392,0.14285714285714285,49.0,1.2753136014748137,1.0873262824048693,0.5137861398837995,0.50810924029519,0.019688299628885138,0.42026539515710404,0.3061495947540387,,,,,,,,cars1
48,0.522215269086358,0.5,0.5,0.47778473091364204,0.03141713483369518,,,,,,,,,,0.9990131259160592,0.6921598191951595,,,,,,,,36,2,37,0,3196,0.6578947368421053,86.37837837837837,,,,,,,,36.000000000000014,3.0,2.0277777777777777,2.0,6.0000000000000036,0.16666666666666666,73.0,chess
49,0.8586,0.5,0.5,0.1414,0.507136983466992,,,,,,,,,,0.7515252984032892,0.4074967740808543,5.3011583316300666,3.268183646948091,0.2610242496214203,0.08237761539453592,-1.2,1.6883243175084937,0.9566782604914009,3,2,21,17,5000,0.045454545454545456,238.0952380952381,1.8531461147373394,1.3606924794022652,0.1926424743999653,-0.010990328362308519,-0.21028611467847302,1.8269969395888443,0.49962616224292977,-1.500000000000001,3.0,2.3333333333333335,2.0,1.7320508075688745,0.5773502691896258,7.0,churn
50,0.5651260504201681,0.5,0.5,0.43487394957983194,0.09210214376799566,,,,,,,,,,0.9915291266055875,0.6846402254103567,64.1127020097819,215.7389736769911,3.6041104306705245,-0.42718912711355017,-1.5884815360935178,7.780175814784984,22.072057645426582,0,2,169,168,476,0.17857142857142858,2.8165680473372783,28.143676611638178,13.575335342050412,0.27761981132680735,-0.05610141222017365,-1.8306977107318587,4.783048941706812,1.8539420582525696,,,,,,,,clean1
51,0.8458623825401637,0.5,0.5,0.1541376174598363,0.489123272102971,,,,,,,,,,0.7684900889443869,0.4298195678492067,24.194090980411268,51.13619640114348,1.6805294174843426,-0.5208115299959413,-1.6228664799261183,4.61807437674563,7.007674991752029,0,2,169,168,6598,0.07738095238095238,39.0414201183432,7.3231524067776945,6.318252943829363,0.46886355544643926,0.08546461475035791,-1.435754447834408,2.5303522204220026,1.2565155872793745,,,,,,,,clean2
52,0.5445544554455446,0.5,0.5,0.45544554455445546,0.06300951515523692,,,,,,,,,,0.9960324217997925,0.6891717106404252,2.090702552776632,4.505423167753712,0.32474410799265085,-0.06196993057611522,-1.4583166825574487,1.308232170852276,1.6091052424538896,0,2,14,13,303,0.23076923076923078,21.642857142857142,-1.3261298563512112,1.986651930914452,0.28316409805446174,-0.2024633654856539,-0.7913351914808322,0.4420326491398765,0.9049050742226589,,,,,,,,cleve
53,0.5412541254125413,0.19999999999999998,0.1188118811881188,0.0429042904290429,0.19698021944692468,,,,,,,,,,0.7189752882034499,1.2795096209070462,1.4515855623504939,4.4917242865388545,0.11310906368601656,-0.40065481963992244,-1.9993306598089324,1.1415548966442284,1.749118109216845,0,5,14,13,303,0.23076923076923078,21.642857142857142,-0.8471395886903714,1.986651930914452,0.43472257533578956,0.5083156098165441,-0.8417538756970183,0.03769217796502017,0.8390657000709831,,,,,,,,cleveland
54,0.5412541254125413,0.19999999999999998,0.1188118811881188,0.0429042904290429,0.19698021944692468,,,,,,,,,,0.7189752882034499,1.2795096209070462,3.2956875424059238,1.9596776292633518,-0.8134554967612991,-1.408818700950456,-1.9993306598089324,1.7384684850358423,1.2516460968065386,0,5,8,7,303,0.8571428571428571,37.875,0.6184547516386494,1.986651930914452,0.2837366847849398,0.34544636610177903,-0.8417538756970183,0.6215313527070431,0.8961649524504129,,,,,,,,cleveland-nominal
55,0.2962962962962963,0.25,0.24074074074074073,0.2222222222222222,0.03546026325023474,,,,,,,,,,0.992606380295034,1.3788732731316424,0.5782268058440527,8.399550587553989,1.8544467872723516,0.9333048077104693,-2.038095238095238,1.1013326198867597,3.3659097134154305,0,4,8,7,108,0.14285714285714285,13.5,-1.1101432475744433,2.199116708663541,1.0461089733984619,1.115785087676319,-0.04590245492898699,-0.060821049064120315,0.7976456088894422,,,,,,,,cloud
56,0.4270196877121521,0.3333333333333333,0.3469110658520027,0.22606924643584522,0.10116094146234016,,,,,,,,,,0.9686665862825659,1.066777482163813,5.7187756321541094,8.627000003255937,0.9309260312892081,-0.423654093671642,-1.324987432422694,2.2850877593866556,2.9272269882689685,0,3,10,9,1473,0.2222222222222222,147.3,2.1554805463681994,3.258111159461171,-0.13558211338860637,-0.510365617819561,-1.9695003000354032,1.3495888571084347,1.472100034601343,,,,,,,,cmc
57,0.9403380166972104,0.5,0.5,0.059661983302789656,0.6227319952416653,,,,,,,,,,0.6268106750433088,0.2260364429346044,13.911087701311246,22.35284303134875,1.7605323096275876,0.48469065270405665,-1.3599262002031622,3.506008384055625,4.389603699550817,50,2,86,35,9822,0.06333333333333334,114.20930232558139,5.12230717911261,4.720107306724398,0.6974819658948518,0.6573405971174193,-0.7075246313507735,1.8606514074711207,1.0514295458577443,-0.8850842198581566,9.0,5.4,2.0,0.022050447787399532,2.0995626366712954,270.0,coil2000
58,0.6304347826086957,0.5,0.5,0.3695652173913043,0.18446263857040374,,,,,,,,,,0.9661624376009844,0.6587238765203249,9.964932632978948,8.354552176136565,-0.15721169770016738,-0.8476270672245345,-1.6135660227588822,3.1558167281680882,2.243386383304443,0,2,23,22,368,0.2727272727272727,16.0,4.121720903322175,3.2107905485485153,-0.0005476894574623182,-0.008335329752330756,-2.4716932934253704,0.766835944913265,1.0302812155787227,,,,,,,,colic
59,0.16494845360824742,0.07692307692307693,0.05979381443298969,0.03505154639175258,0.04111997637572345,,,,,,,,,,0.8891699557631061,2.4474824720578896,7.300456883717601,29.005899395153826,3.1318300280066733,0.5528412506649127,-3.0,2.6788241378215223,7.177119323567659,0,13,24,23,485,0.043478260869565216,20.208333333333332,2.3287790834168476,4.183908012711108,1.022968559151377,0.7017714330441087,-0.03323762992194209,1.639589228257718,1.0840009104295978,,,,,,,,collins
60,0.16666666666666666,0.16666666666666666,0.16666666666666666,0.16666666666666666,0.0,,,,,,,,,,0.9999999999999997,1.7917594692280547,-1.5000000000000007,-0.07187807201685992,-1.099338058646886,-1.2344096846588966,-1.9917264192649016,0.6162857468298876,0.7895727440512392,0,6,4,3,72,0.3333333333333333,18.0,-1.5,0.8618790851402381,0.3652662931685781,0.1954813006166553,0.0384384937488409,1.4840291488094315,0.3569629389349786,,,,,,,,confidence
61,0.6583033586452921,0.3333333333333333,0.24623651139038147,0.09546012996432642,0.29135462466284134,,,,,,,,,,0.7756522285174493,0.8445612702888777,,,,,,,,42,3,43,0,67557,0.35714285714285715,1571.093023255814,,,,,,,,-3.0,3.0,3.0,3.0,0.0,0.0,126.0,connect-4
62,0.4270196877121521,0.3333333333333333,0.3469110658520027,0.22606924643584522,0.10116094146234016,,,,,,,,,,0.9686665862825659,1.066777482163813,5.718775632154106,8.627000003255937,0.9309260312892081,-0.423654093671642,-1.324987432422694,2.2850877593866548,2.927226988268969,0,3,10,9,1473,0.2222222222222222,147.3,2.1554805463681994,3.258111159461171,-0.13558211338860648,-0.510365617819561,-1.9695003000354032,1.3495888571084347,1.472100034601343,,,,,,,,contraceptive
63,0.5625,0.5,0.5,0.4375,0.08838834764831845,,,,,,,,,,0.9921976245090578,0.6853142072764582,5.999999999999995,-2.00212707809332,-2.021585935520861,-2.0254777070063694,-2.0254777070063694,2.4494897427831774,0.008702265594491746,0,2,7,6,160,1.0,22.857142857142858,6.000000000000002,0.151850989799428,0.025308498299904666,0.0,0.0,2.449489742783178,0.056591522607024686,,,,,,,,corral
64,0.5550724637681159,0.5,0.5,0.4449275362318841,0.07788422517417042,,,,,,,,,,0.9939401576580635,0.6870689028587588,12.941238896634067,214.66997242752618,18.535100139100923,-0.4623870883630605,-1.9971378336902235,3.5427472572724494,53.9829500503369,0,2,16,15,690,0.06666666666666667,43.125,8.1906884368524,13.14065501444546,1.7758729828902757,0.40880695178619747,-1.07317254730184,2.6959528237743995,3.4135993798780055,,,,,,,,credit-a
65,0.7,0.5,0.5,0.3,0.282842712474619,,,,,,,,,,0.9210113875186566,0.6108643020548935,10.165058585621875,22.182198459856185,1.626897436744816,-0.3205430191507288,-1.8501438979806253,3.063928957205577,5.449880151618326,0,2,21,20,1000,0.05,47.61904761904762,3.906416912363655,1.949627679832621,-0.06294370860221074,0.09068952481191293,-4.913027374046549,-1.7546098370971766,1.581947115426636,,,,,,,,credit-g
66,0.5550724637681159,0.5,0.5,0.4449275362318841,0.07788422517417042,,,,,,,,,,0.9939401576580635,0.6870689028587588,12.942027402578407,214.66997242752612,18.542171513765584,-0.4623870883630605,-1.997137833690224,3.5428798471363483,53.980352007119365,0,2,16,15,690,0.06666666666666667,43.125,8.206405670281859,13.14065501444545,1.7835040600691454,0.40880695178619747,-1.0731725473018399,2.698079283250023,3.410181602852412,,,,,,,,crx
67,0.30601092896174864,0.16666666666666666,0.15437158469945356,0.0546448087431694,0.08312479505926303,,,,,,,,,,0.8997741177884739,1.6861479418343899,7.374472929681744,23.452466982027307,2.4966097128782305,0.5838766347909103,-1.4155947017470272,2.6950800106947383,5.44005008271068,0,6,35,34,366,0.08823529411764706,10.457142857142857,0.5794717821511259,4.7785174124595065,1.4098204928936031,1.3484623484200926,-0.393486930675299,0.7058404922613029,1.2689772845299943,,,,,,,,dermatology
68,0.6510416666666666,0.5,0.5,0.3489583333333333,0.21360517348343622,,,,,,,,,,0.954709894639877,0.6467994206632901,-1.7285925706028653,7.2142595543487715,2.775362395442394,1.9668008946784368,-0.5200718661530122,0.38080576816731915,2.7502061008597867,0,2,9,8,768,0.25,85.33333333333333,0.15751618598134964,2.272250858431574,0.5292461289375235,0.5377137404718741,-1.8436079833551302,-0.49797559803777947,1.2410904298246983,,,,,,,,diabetes
69,0.9846235418875928,0.5,0.5,0.015376458112407211,0.6853611855827194,,,,,,,,,,0.5413473769112629,0.0794530758648861,-1.1907152711578732,1.493807612242792,-0.4245557673881552,-0.5940612261725762,-1.8482544283203384,0.5578919910690289,1.239140525385757,22,2,30,7,3772,0.12903225806451613,125.73333333333333,1.5943986663676926,1.4059442874713202,0.19880093637880086,0.21331658311250928,-1.5894085358559218,-0.8925339336747995,0.8910761798927679,5.6642840236686425,3.0,1.9545454545454546,1.0,-0.5906272018620772,0.37509017674772643,43.0,dis
70,0.5191462649089768,0.3333333333333333,0.24074074074074073,0.2401129943502825,0.16091902520191248,,,,,,,,,,0.9296970995235574,1.025715843344658,,,,,,,,180,3,181,0,3186,0.7944444444444444,17.60220994475138,,,,,,,,-3.0,2.0,2.0,2.0,0.0,0.0,360.0,dna
71,0.43730886850152906,0.2,0.15902140672782875,0.06116207951070336,0.14762440660560258,,,,,,,,,,0.8148702611200485,1.4047115452111862,6.976001158640084,105.63587914600262,14.468900437917865,-0.8458607791617032,-3.0,2.6397809057536596,37.2387546920345,0,5,8,7,327,0.5714285714285714,40.875,6.861174167268148,10.343588040120373,1.682789972918086,0.2861198005856225,-0.12922448905204476,2.611882513171143,3.5467230609660363,,,,,,,,ecoli
72,0.4171222565565328,0.12499999999999999,0.11173837255368037,8.913715236510577e-05,0.139863142171908,,,,,,,,,,0.5677224562951431,1.5133189287155053,,,,,,,,29,8,30,0,100968,0.19946808510638298,3365.6,,,,,,,,0.7749936816971759,99.0,25.93103448275862,3.0,1.3592733765722749,28.803436097703393,752.0,fars
73,0.33707865168539325,0.20000000000000004,0.20224719101123595,0.08426966292134831,0.09372093245456972,,,,,,,,,,0.91427341622156,1.5198123026462789,7.028385373978047,178.00000000000003,21.043678374583322,3.7479219597508955,-2.022337613144431,2.6735572220604285,42.589007623544404,0,5,44,43,178,0.2558139534883721,4.045454545454546,2.1615558734493003,13.34166406412634,3.224045205619694,2.357229511771027,-1.4521346467503329,1.5503960464478737,3.394726784818813,,,,,,,,flags
74,0.8292682926829268,0.5,0.5,0.17073170731707318,0.4656556851716288,,,,,,,,,,0.7896996090640206,0.4570445330375596,0.8569090671398789,34.67552094642721,7.1257546780192484,-0.45501032751640524,-1.850989278266767,1.601711739395542,13.534804048210303,1,2,11,9,1066,0.5,96.9090909090909,-0.13162470499898182,6.050658401578241,1.110948198094142,0.134861704036012,-2.274233868680088,1.0283309623555474,2.7137166720661883,-3.0,1.0,1.0,1.0,0.0,,1.0,flare
75,0.7,0.5,0.5,0.3,0.282842712474619,,,,,,,,,,0.9210113875186566,0.6108643020548935,10.223408912068267,22.182198459856167,1.6626972698695934,-0.320543019150729,-1.8501438979806253,3.0733549230913555,5.434161149619666,0,2,21,20,1000,0.05,47.61904761904762,3.68311435823958,1.9496276798326204,-0.08889226186253547,0.05547705387198814,-4.913027374046548,-1.688792383507399,1.586895527596522,,,,,,,,german
76,0.37073170731707317,0.2,0.14146341463414633,0.06341463414634146,0.1457304316711186,,,,,,,,,,0.8052297154644412,1.3928102309882633,7.872192750583627,54.353735291173194,9.66094780359423,2.7320784511811285,-0.17529132214701626,2.760118617850392,16.162740033781773,0,5,10,9,205,0.4444444444444444,20.5,1.4740011148022418,6.5877249935962015,1.57963580344864,1.6890257496403824,-1.2583657711950158,0.9873411169455112,2.269990541024627,,,,,,,,glass
77,0.5337423312883436,0.5,0.5,0.4662576687116564,0.04771886253406153,,,,,,,,,,0.9977237731650571,0.6908683591827749,8.843244008899305,144.20290422760766,19.547578460303498,3.2864113141219233,-0.10454658865275457,2.9651468550711426,44.207161198300945,0,2,10,9,163,0.4444444444444444,16.3,4.9133376335759715,11.765571656069783,1.3357269187234144,-0.3794193082557897,-3.010599993000517,2.0364432752055053,4.068950030519267,,,,,,,,glass2
78,0.7352941176470589,0.5,0.5,0.2647058823529412,0.3327561323230812,,,,,,,,,,0.8911652652051771,0.5779217946828968,-1.4999999999999998,11.730876914649608,3.3408860656277812,-0.5893930383959325,-1.1188256793703324,1.7217247566701117,5.936555374139382,0,2,4,3,306,1.0,76.5,-1.5,2.9838229044308253,1.069694273686161,0.14650505649010384,0.0787548601375535,1.7287978837481666,1.353775912907742,,,,,,,,haberman
79,0.40625,0.3333333333333333,0.4,0.19375,0.12092309884109542,,,,,,,,,,0.9529702852425226,1.0504407326258585,4.000000000000011,-0.49345197085052206,-0.7422881167188246,-0.4934519708505234,-1.4887965543237296,-2.000000000000001,0.43099684740351885,0,3,5,4,160,1.0,32.0,3.9999999999999822,0.6520274751287022,0.5740318024082076,0.6520274751287021,0.34004478424672435,-1.9999999999999976,0.13509246792241025,,,,,,,,hayes-roth
80,0.5445544554455446,0.5,0.5,0.45544554455445546,0.06300951515523692,,,,,,,,,,0.9960324217997925,0.6891717106404252,1.836620035346094,4.505423167753714,0.2675735534604221,-0.06196993057611522,-1.45831668255745,1.2714476116707132,1.6492187471543236,0,2,14,13,303,0.23076923076923078,21.642857142857142,-1.088901289405884,1.986651930914452,0.4075002614917314,0.4847323688388967,-0.7913351914808323,0.22233515075220964,0.8407263506949956,,,,,,,,heart-c
81,0.6394557823129252,0.5,0.5,0.36054421768707484,0.1972202586982888,,,,,,,,,,0.9613502185599835,0.6537306755430708,12.28625067291445,94.63239752476377,8.574666661461242,-0.5025373591616304,-1.178786921162448,3.4742873483616554,25.115670536068937,0,2,14,13,294,0.15384615384615385,21.0,9.480247147669981,3.506689631668829,-0.14988038246248295,0.5069583302051234,-9.797380834066185,-2.808765278323112,2.9678847332136735,,,,,,,,heart-h
82,0.5555555555555556,0.5,0.5,0.4444444444444444,0.07856742013183865,,,,,,,,,,0.9938334875012086,0.6869615765973234,2.0352006758156804,4.895598990181744,0.11514511097134232,-0.29654784780381016,-2.0053576884311695,1.30936118113756,1.8476470074174949,0,2,14,13,270,0.23076923076923078,19.285714285714285,-0.8149548780847988,1.9919705589929442,0.42696309072772354,0.5431509619840623,-0.8787672368342891,0.04162684768144087,0.8391340923597836,,,,,,,,heart-statlog
83,0.7935483870967742,0.5,0.5,0.2064516129032258,0.41514011024500536,,,,,,,,,,0.8319940710830425,0.5092172162715136,0.7124249358933383,5.00093965075617,0.3048155073962729,-0.2906340058264143,-1.9872518666909489,1.1058511733539946,1.8393129185392312,0,2,20,19,155,0.2631578947368421,7.75,2.4134063821945952,2.6337375682682254,-0.11992976831335805,-0.22524766725178197,-1.926980357281749,1.0259929244686272,0.9720249052263651,,,,,,,,hepatitis
84,0.6304347826086957,0.5,0.5,0.3695652173913043,0.18446263857040374,,,,,,,,,,0.9661624376009844,0.6587238765203249,8.441118538549523,8.354552176136565,-0.0889189301904559,-0.8506598362168412,-1.7549477212402207,2.8703810040856736,2.2943743020606897,0,2,23,22,368,0.2727272727272727,16.0,3.0150519409125343,3.2107905485485153,0.1266291388014447,0.20534007041009866,-2.4716932934253704,0.4618948409827841,1.0716009078751836,,,,,,,,horse-colic
85,0.6137931034482759,0.5,0.5,0.38620689655172413,0.16092775020107633,,,,,,,,,,0.9742122631446503,0.667021110783824,0.10418486483217748,-0.30099541697755816,-0.7322201313528195,-0.6557913897084764,-1.244465482382317,-0.5563267891473652,0.23954175114863815,0,2,17,16,435,0.8125,25.58823529411765,-1.028508867470226,-0.0060451351670912125,-0.4521515293685565,-0.48105981353799004,-0.8907121919697678,0.15535552906165354,0.26894622985322847,,,,,,,,house-votes-84
86,0.6394557823129252,0.5,0.5,0.36054421768707484,0.1972202586982888,,,,,,,,,,0.9613502185599835,0.6537306755430708,11.881464811581212,94.63239752476373,9.123239503131773,-0.7044583235706305,-1.4223011512110562,3.3997659566065144,25.116218473611188,0,2,14,13,294,0.15384615384615385,21.0,5.616003090728238,3.463343016632159,-0.5475759758673487,-0.016264057742109067,-9.797380834066187,-2.059253542935053,3.1252240597746983,,,,,,,,hungarian
87,0.9522605121719886,0.5,0.5,0.04773948782801138,0.6395929500394285,,,,,,,,,,0.6057169678420058,0.19180472877974195,5.674298893509146,11.274715020483619,0.9754024208671198,-0.7458936079045904,-1.8102010482439217,2.3481722967396688,4.334511149833421,18,2,26,7,3163,0.14814814814814814,121.65384615384616,4.9584667252082895,1.3707648353359791,-0.01330997957515047,0.22649485879222014,-3.519764069855642,-2.104134076751415,1.5078911459642106,18.000000000000014,3.0,2.0555555555555554,2.0,4.2426406871192865,0.23570226039551584,37.0,hypothyroid
88,0.6410256410256411,0.5,0.5,0.358974358974359,0.19944037418082114,,,,,,,,,,0.9604807038736252,0.652825793916348,4.881171285267635,4.438264794872246,0.2622708253298324,0.0077854458748067845,-3.0,1.1804115288188406,1.203169586978686,0,2,35,34,351,0.7058823529411765,10.028571428571428,1.146575409699646,0.11264599740175678,-0.5672832434047477,-0.44275520621239006,-2.5323916927734964,-1.0935903679721677,0.6370919714416865,,,,,,,,ionosphere
89,0.3333333333333333,0.3333333333333333,0.3333333333333333,0.3333333333333333,0.0,,,,,,,,,,0.9999999999999999,1.0986122886681096,-1.1515850633224218,0.29078106236542745,-0.7507394876837394,-0.9459091062274914,-1.4019208006454025,0.8725328682893572,0.6883335653665785,0,3,5,4,150,0.5,30.0,-4.498177467519467,0.3340526621720866,0.0673757010477869,0.10495719724642269,-0.2744642524737844,-0.25709026597426954,0.2640819263484475,,,,,,,,iris
90,0.556,0.5,0.5,0.444,0.07919595949289335,,,,,,,,,,0.9937345315197428,0.6868620016589055,2.1985694316457494,-0.1921213893009588,-0.8397102916960651,-0.6654872299063195,-2.0080482897384306,-1.4325324272353328,0.6354147612192917,0,2,6,5,500,0.4,83.33333333333333,2.404389352453686,0.6027615940197674,0.04056244457842887,0.0,-0.3571599922641561,1.096241957556078,0.31319375680904765,,,,,,,,irish
91,0.5683777984696976,0.04347826086956521,0.00010728310594712764,4.0484190923444395e-06,0.128891391935572,,,,,,,,,,0.12798614005660147,1.079660914196039,-1.5000000000000007,490583.35258051136,170621.32773624707,20338.102295354875,942.5283328749229,1.7225204945442643,226385.83595146393,38,23,42,3,494020,0.0003419972640218878,11762.380952380952,-1.5,699.2124433445175,287.2788048881627,136.75914019194835,25.864831128022253,1.550023727737943,294.77831084235663,7.075945703483185,490.0,76.97368421052632,1.0,2.6072701478559615,114.28780333642409,2925.0,kddcup
92,0.522215269086358,0.5,0.5,0.47778473091364204,0.03141713483369518,,,,,,,,,,0.9990131259160592,0.6921598191951595,,,,,,,,36,2,37,0,3196,0.6578947368421053,86.37837837837837,,,,,,,,36.000000000000014,3.0,2.0277777777777777,2.0,6.0000000000000036,0.16666666666666666,73.0,kr-vs-kp
93,0.16228257770173937,0.055555555555555566,0.03771029369831765,0.000962360992301112,0.05357692658225767,,,,,,,,,,0.6303539370057092,2.4288979453173543,,,,,,,,6,18,7,0,28056,0.775,4008.0,,,,,,,,-1.8749999999999982,8.0,6.666666666666667,4.0,-0.9682458365518549,2.065591117977289,40.0,krkopt
94,0.6491228070175439,0.5,0.5,0.3508771929824561,0.2108914961433563,,,,,,,,,,0.9558452846550317,0.6479879653974252,5.534501971807089,7.19891383238855,0.06033525634798914,-0.6343672730119405,-2.013318368873924,2.3647109891416678,2.298722708797277,0,2,17,16,57,0.5,3.3529411764705883,1.2103684427483703,1.1736177575095483,-0.10085868455300245,0.23995183432023956,-2.7805819601137265,-1.3385633255506384,1.09411325915104,,,,,,,,labor
95,0.1053125,0.1,0.10109375000000001,0.0925,0.004342638247015799,,,,,,,,,,0.9991452991387723,2.30173002666778,,,,,,,,24,10,25,0,3200,0.9166666666666666,128.0,,,,,,,,-3.0,2.0,2.0,2.0,0.0,0.0,48.0,led24
96,0.1065625,0.1,0.101875,0.084375,0.006606170831544969,,,,,,,,,,0.9979760666737238,2.3005591087469632,,,,,,,,7,10,8,0,3200,1.0,400.0,,,,,,,,-3.0,2.0,2.0,2.0,0.0,0.0,14.0,led7
97,0.04065,0.038461538461538464,0.038349999999999995,0.0367,0.0011587327295202881,,,,,,,,,,0.9995641112951882,3.257660554289574,,,,,,,,16,26,17,0,20000,0.47265625,1176.4705882352941,,,,,,,,-3.0,16.0,16.0,16.0,0.0,0.0,256.0,letter
98,0.5797101449275363,0.5,0.5,0.42028985507246375,0.11272716801524674,,,,,,,,,,0.9873192911086418,0.6803853852615318,-1.5132533035746285,13.813911752411283,6.571175730554462,5.901776568203541,0.7478828309967778,0.3640509963187811,4.626524275971514,0,2,7,6,345,0.5,49.285714285714285,-0.6646321925505285,3.0634986423558535,1.6886196204361754,1.9184459363504154,-0.3884331237625392,-0.6787151947183488,1.2145885756746457,,,,,,,,liver-disorder
99,0.5977011494252874,0.5,0.5,0.40229885057471265,0.13817029057668173,,,,,,,,,,0.9809690074874158,0.673932767868794,-1.5,9.120860777419228,2.6028743368360563,-0.3654873269423784,-0.9467504399686799,1.71146623955432,4.615017308119282,0,2,4,3,87,0.6666666666666666,21.75,-1.5,3.043801833417387,1.2327888171003383,0.7895651565941091,-0.13500053871048107,1.1301817068517954,1.3350484486054794,,,,,,,,lupus
100,0.5472972972972973,0.24999999999999997,0.2195945945945946,0.013513513513513514,0.2710012637021669,,,,,,,,,,0.5854741998877664,0.850961199111149,6.8256988569233155,29.749465128075954,2.563434438614977,-0.5247708236803874,-2.0268303168738395,2.630242306284947,8.073799055066383,0,4,19,18,148,0.6111111111111112,7.7894736842105265,1.3438851809034702,5.442361694493852,0.8512900268768903,0.27399179230812953,-1.4426512046796571,1.3646585712770334,1.7931737841975213,,,,,,,,lymphography
101,0.6483701366982124,0.5,0.5,0.3516298633017876,0.20982705956976205,,,,,,,,,,0.9562867851681929,0.6484497541284178,1.4521170107831942,16.76540668378684,4.273159612328454,2.6991261168547225,-0.5337036036008938,1.2867449720216302,5.35008529332646,0,2,11,10,19020,0.5,1729.090909090909,1.0535466298596035,3.3716279807755627,0.6463449554867179,0.5857915398743663,-1.1230780552847546,0.7242758546097181,1.2595764194409114,,,,,,,,magic
102,0.1,0.09999999999999999,0.1,0.1,1.4628472785736255e-17,,,,,,,,,,0.9999999999999997,2.3025850929940455,0.8971138766018614,1.7012862999932565,-0.3151882007048308,-0.4026911656287213,-1.3893209589478595,0.8236965843636694,0.5399663761258487,0,10,217,216,2000,0.05555555555555555,9.216589861751151,-0.2419793771130827,0.8630705307139173,0.027560516903782303,-0.014119361298268317,-1.0738237890694804,-0.39810573166706203,0.42462216555325116,,,,,,,,mfeat-factors
103,0.1,0.09999999999999999,0.1,0.1,1.4628472785736255e-17,,,,,,,,,,0.9999999999999997,2.3025850929940455,0.4899680275825702,1.9949226202588068,0.11900628082326707,0.0630230135811245,-1.125279310331448,0.3395092597621639,0.6343081004614414,0,10,77,76,2000,0.6578947368421053,25.974025974025974,0.399718693742825,1.0299855346493232,0.5447006835842776,0.5542281675523084,-0.12062462029872019,-0.6284650330372724,0.2475411569555456,,,,,,,,mfeat-fourier
104,0.1,0.09999999999999999,0.1,0.1,1.4628472785736255e-17,,,,,,,,,,0.9999999999999997,2.3025850929940455,2.201492352531398,0.580942601366929,-0.04565484575249542,-0.01734588578789653,-0.9447092659152543,-0.46598837853297803,0.2523321159001554,0,10,65,64,2000,0.5625,30.76923076923077,0.4008639380361618,0.4187220480956683,-0.004285662607736742,-0.020815908469465128,-0.33911309273191204,0.5250180639142976,0.1634135386696266,,,,,,,,mfeat-karhunen
105,0.1,0.09999999999999999,0.1,0.1,1.4628472785736255e-17,,,,,,,,,,0.9999999999999997,2.3025850929940455,-0.7737376678292032,0.07949387005620334,-0.5362369226243188,-0.6352635311790586,-1.0383559313284465,0.551782257611486,0.378151805898921,0,10,7,6,2000,0.16666666666666666,285.7142857142857,0.6981472524524812,1.008483001475662,0.5315671843447336,0.6245331546193504,-0.06283666261435185,-0.6518361058610948,0.3349249949781064,,,,,,,,mfeat-morphological
106,0.1,0.09999999999999999,0.1,0.1,1.4628472785736255e-17,,,,,,,,,,0.9999999999999997,2.3025850929940455,41.9498934133596,18.116346562001436,-0.8156476120590064,-1.5502761084811096,-1.9183986446879149,5.170437848341532,1.9029990484414725,0,10,241,240,2000,0.36666666666666664,8.298755186721992,1.6174049260738013,4.302409293941369,-0.03433953098389188,-0.18381447481456709,-2.3385106127782476,0.8752856701060181,0.9680540846691864,,,,,,,,mfeat-pixel
107,0.1,0.09999999999999999,0.1,0.1,1.4628472785736255e-17,,,,,,,,,,0.9999999999999997,2.3025850929940455,-0.11687354868529987,4.370101298879654,0.7353956813037772,0.4440463981400291,-0.9914117205299378,0.8462683942066646,1.4066386387702383,0,10,48,47,2000,0.2765957446808511,41.666666666666664,-1.0487885677126252,1.7945995145373377,0.7908300764747562,0.7415928908678684,0.005491522368602265,0.1646705954352701,0.482446117171015,,,,,,,,mfeat-zernike
108,0.11252857142857142,0.1,0.09900714285714285,0.09018571428571429,0.0057045114819032055,,,,,,,,,,0.9985516309831347,2.3011356740768916,10.900022539258686,1893.2192753020288,125.21975641262317,4.326060673684172,-1.8254292785720234,3.260288627882615,302.9528945884126,204,10,785,580,70000,0.042689732142857144,89.171974522293,3.264532476142957,41.602856083735176,6.328041547581629,2.4302443472280126,-0.23549660231000857,1.9603571148955552,8.845680794910315,0.8191239229419955,69.0,14.818627450980392,1.0,1.4411125296090603,19.637890541116132,3023.0,mnist
109,0.7794561933534743,0.5,0.5,0.22054380664652568,0.39521073872964135,,,,,,,,,,0.8474259632801978,0.5275953780549788,8.125346844847247,-2.0012314735543546,-2.0026962571362903,-2.002872249434363,-2.0030280090840273,2.7708042874704297,0.0005063611120765955,0,2,11,10,1324,1.0,120.36363636363636,0.6095522421778004,0.04235353263519571,0.006655082884541351,0.009073820420816196,-0.018148199912616046,0.5188644430935112,0.016939913904502762,,,,,,,,mofn-3-7-10
110,0.5,0.5,0.5,0.5,0.0,,,,,,,,,,0.9999999999999999,0.6931471805599453,8.781949870151504,-0.3890983013124094,-1.35955711346437,-1.3749217220689596,-1.6430297343771352,2.0764302539638404,0.1969487486975851,0,2,59,58,106,0.13793103448275862,1.7966101694915255,0.14322742201815064,0.4853237716839933,-0.03618536596980364,-0.0001504397447617456,-0.6388899945580823,-0.4499938540676919,0.24635785688625525,,,,,,,,molecular-biology_promoters
111,0.5,0.5,0.5,0.5,0.0,,,,,,,,,,0.9999999999999999,0.6931471805599453,-1.80893684718692,-1.3723436787500216,-1.649197328295301,-1.511753233893486,-2.006763187649243,-0.8081955585900439,0.2568655576449905,0,2,7,6,556,1.0,79.42857142857143,-0.3569031866057606,0.04329240839094111,0.0038312625680885747,0.0005587658440620331,-0.021642422257108156,0.7345966206271606,0.02245468599453206,,,,,,,,monk1
112,0.6572379367720466,0.5,0.5,0.3427620632279534,0.22236802270259148,,,,,,,,,,0.9509473140198387,0.6428505619784741,-1.7780726297999767,-1.345939432204887,-1.6410824801816248,-1.5052895542744933,-2.0066777963272124,-0.7749695490818684,0.26404516080580154,0,2,7,6,601,1.0,85.85714285714286,0.001826304164597392,0.012151917455808212,-0.0032605555178038138,-0.003158576542909717,-0.021513356232967445,-0.34103887265633487,0.010835069931051365,,,,,,,,monk2
113,0.51985559566787,0.5,0.5,0.48014440433212996,0.028080052682498247,,,,,,,,,,0.9992116142115369,0.692358483831969,-1.8206398124132535,-1.3650792868804462,-1.6414072463920426,-1.4991876331299934,-2.007049096740923,-0.8304421304934586,0.26230080732318056,0,2,7,6,554,1.0,79.14285714285714,0.586571211685766,0.014480045051089007,-0.008872165655787691,-0.007837092022276096,-0.02896235508654711,0.32253349253391145,0.013558098849493426,,,,,,,,monk3
114,0.06666666666666667,0.06666666666666667,0.06666666666666667,0.06666666666666667,0.0,,,,,,,,,,0.9999999999999999,2.70805020110221,-0.6855678987103735,-0.24547835356875503,-0.7081788567422284,-0.7026154938784916,-1.0273176495449523,0.30203520036243686,0.19321127565207463,0,15,91,90,360,0.1,3.956043956043956,-0.5142797086035302,0.1919951286034971,-0.18738160859953198,-0.237691623851136,-0.4673207543418426,0.6326443381144151,0.17096414880756794,,,,,,,,movement_libras
115,0.517971442639094,0.5,0.5,0.48202855736090594,0.025415457915616908,,,,,,,,,,0.9993541240129039,0.6925010959051001,-2.9680833883976487,0.5917901092911584,-0.5422684552771319,-0.6274100667907836,-1.595954042281376,0.07965559980159463,0.927876275810493,16,2,23,6,8124,0.16666666666666666,353.2173913043478,-2.4650583167401026,0.44869370984424534,-0.41962695546836337,-0.37127603707571,-1.301345538177033,-0.09598757087561144,0.7155384448253316,-0.954275145716974,7.0,3.6875,1.0,0.29751287352752953,1.778341924377874,59.0,mushroom
116,0.5,0.5,0.5,0.5,0.0,,,,,,,,,,0.9999999999999999,0.6931471805599453,-3.0,-2.032,-2.032,-2.032,-2.032,0.0,0.0,0,2,7,6,128,1.0,18.285714285714285,-3.0,0.0,0.0,0.0,0.0,0.0,0.0,,,,,,,,mux6
117,0.6976744186046512,0.3333333333333333,0.16279069767441862,0.13953488372093023,0.3157428194483148,,,,,,,,,,0.7579562605561954,0.8214826899116977,-0.06653897560861788,36.84960550410299,14.47301564209825,11.51866770841068,1.5930793919637258,0.9164885001479925,13.265056312337178,0,3,6,5,215,0.6,35.833333333333336,-1.486549677122331,5.492282677586234,2.660062272359096,3.0084182452626336,-0.50593453002311,-0.26729340505606586,2.164261053412904,,,,,,,,new-thyroid
118,0.3333847816020991,0.25,0.3206513350825745,0.025312548232751968,0.1500749284857532,,,,,,,,,,0.8205049243780378,1.188458994329399,,,,,,,,8,4,9,0,12958,0.6923076923076923,1439.7777777777778,,,,,,,,0.4208239022181979,5.0,3.375,2.0,0.4877154587704733,0.9161253813129043,27.0,nursery
119,0.10177935943060498,0.1,0.09964412811387902,0.09857651245551602,0.0012126363167414508,,,,,,,,,,0.9999338967240312,2.3025189875331593,32.56860017069935,827.6223150392364,34.05957675018019,-0.396061385074709,-1.646519852942111,5.385423794560701,122.06433207132207,8,10,65,56,5620,0.3972602739726027,86.46153846153847,9.95873866725618,26.31331498169284,2.257035566204681,0.2988767717389842,-1.302992451715646,2.9364648984552235,4.986017854455044,-0.22857142857142865,5.0,2.5,1.0,0.8081220356417684,1.4142135623730951,20.0,optdigits
120,0.8976795176320117,0.2,0.02101224191485474,0.0051160241183994155,0.3905663654597584,,,,,,,,,,0.3106872044719602,0.44046926609967585,9.37270634219746,4816.887814668208,652.8296690123777,123.98823394304995,0.6919281142973563,3.0322976391348724,1404.146248218014,0,5,11,10,5473,0.2,497.54545454545456,6.555264865359259,67.42540616199001,14.711451967520436,8.931144052030962,-0.8347174977898828,2.417688171806249,18.890428594735848,,,,,,,,page-blocks
121,0.5,0.5,0.5,0.5,0.0,,,,,,,,,,0.9999999999999999,0.6931471805599453,-3.0,-2.1379310344827585,-2.1379310344827585,-2.1379310344827585,-2.1379310344827585,0.0,0.0,0,2,6,5,32,1.0,5.333333333333333,-3.0,0.0,0.0,0.0,0.0,0.0,0.0,,,,,,,,parity5
122,0.5044483985765125,0.5,0.5,0.49555160142348753,0.006290985597745103,,,,,,,,,,0.9999604237612526,0.6931076035380379,1.5919992926380626,-2.000703977752642,-2.0028580747068765,-2.0033646963682767,-2.0035682426404993,1.5498204683119692,0.0009206164720055255,0,2,11,10,1124,1.0,102.18181818181819,-1.0325660940203258,0.05347119152442646,0.01568289227265502,0.014254265665725994,-0.014254265665725985,0.3843014384483295,0.021516300276173544,,,,,,,,parity5+5
123,0.10407569141193596,0.1,0.09998180494905386,0.09597889374090247,0.004219831181359215,,,,,,,,,,0.9991987962363937,2.301783568095163,6.009123781959389,3.0507472845480406,-0.5010429355334174,-0.7839021550501173,-1.685793174469628,2.2901006137297797,1.1112682822597757,0,10,17,16,10992,0.5625,646.5882352941177,0.23780424615415274,0.9482646831122558,-0.03919608212031127,0.08645947162695913,-1.4911828752031304,-0.7287794685964906,0.6548416460354459,,,,,,,,pendigits
124,0.7065136935603257,0.5,0.5,0.2934863064396743,0.29205446624877385,,,,,,,,,,0.9158493796697472,0.6052438200564556,-3.0298224258056985,1.765054365668684,0.33978080703382674,-0.3066120048941947,-0.8572437327691063,0.49954119803786556,1.0962084154942568,0,2,6,5,5404,1.0,900.6666666666666,-2.4062542382236893,1.4824299413788997,0.7794741015380934,0.4842319967382654,0.20949723088363656,0.5214039748637053,0.49289577767087944,,,,,,,,phoneme
125,0.6510416666666666,0.5,0.5,0.3489583333333333,0.21360517348343622,,,,,,,,,,0.954709894639877,0.6467994206632901,-1.7285925706028682,7.21425955434877,2.7753623954423947,1.9668008946784385,-0.5200718661530126,0.3808057681673169,2.7502061008597867,0,2,9,8,768,0.25,85.33333333333333,0.15751618598134387,2.2722508584315744,0.5292461289375232,0.5377137404718741,-1.8436079833551302,-0.49797559803777863,1.2410904298246987,,,,,,,,pima
126,0.5011673068236474,0.1,0.0029404619861874383,7.804809518745689e-06,0.192190903755201,,,,,,,,,,0.2670269700352684,0.9821794786788999,,,,,,,,10,10,11,0,1025009,0.8235294117647058,93182.63636363637,,,,,,,,-2.571428571428571,13.0,8.5,4.0,0.0,4.743416490252569,85.0,poker
127,0.7272727272727273,0.5,0.5,0.2727272727272727,0.32141217326661253,,,,,,,,,,0.8983508708134446,0.5859526183035508,3.0939297465483246,9.286262910442973,0.6554584196308283,-0.9881152809242322,-2.0470588235294116,1.8714785770615192,3.7145828293892893,0,2,9,8,88,0.875,9.777777777777779,4.375879639814069,2.105310706323023,-0.06940872361977105,-0.09026526879553495,-1.1193002433433634,1.8191537087575995,0.906373404509076,,,,,,,,postoperative-patient-data
128,0.5,0.5,0.5,0.5,0.0,,,,,,,,,,0.9999999999999999,0.6931471805599453,2.6142172682784395,-0.28061969737142256,-0.8269425786452327,-0.5593766750485121,-2.020304568527919,-1.6831868793985978,0.5509974081667645,0,2,8,7,200,0.14285714285714285,25.0,-0.23998195360621688,0.025954345408955946,-0.016348555748102837,0.0,-0.09983714693697841,-1.1881815668200821,0.04527304087611275,,,,,,,,prnn_crabs
129,0.37073170731707317,0.2,0.14146341463414633,0.06341463414634146,0.1457304316711186,,,,,,,,,,0.8052297154644412,1.3928102309882633,7.872192750583627,54.353735291173194,9.660947803594226,2.7320784511811285,-0.17529132214701626,2.760118617850392,16.162740033781773,0,5,10,9,205,0.4444444444444444,20.5,1.4740011148022418,6.5877249935962015,1.5796358034486397,1.6890257496403824,-1.2583657711950158,0.9873411169455112,2.269990541024627,,,,,,,,prnn_fglass
130,0.5,0.5,0.5,0.5,0.0,,,,,,,,,,0.9999999999999999,0.6931471805599453,-2.0,-0.5678997747819627,-0.8789167415114038,-0.8789167415114038,-1.1899337082408448,0.0,0.311016966729441,0,2,3,2,250,1.0,83.33333333333333,-2.0,-0.08812517410311779,-0.14865085036756992,-0.14865085036756992,-0.20917652663202208,-6.723478486198971e-16,0.06052567626445214,,,,,,,,prnn_synth
131,0.6666666666666666,0.5,0.5,0.3333333333333333,0.23570226039551584,,,,,,,,,,0.9449407874211548,0.6365141682948128,2.3487071663202777,16.179044575329623,2.4245886263027696,-0.12015247154469799,-1.5022388059701495,1.820323948995968,5.903189910763228,0,2,10,9,672,0.5555555555555556,67.2,1.1057034648609054,4.258039609294857,1.027215883472714,0.4156060771594259,-0.0161177395257077,1.5801396948654884,1.51159958577711,,,,,,,,profb
132,0.5,0.5,0.5,0.5,0.0,,,,,,,,,,0.9999999999999999,0.6931471805599453,8.781949870151506,-0.3890983013124094,-1.35955711346437,-1.3749217220689596,-1.6430297343771352,2.076430253963841,0.19694874869758508,0,2,59,58,106,0.13793103448275862,1.7966101694915255,0.14322742201815064,0.4853237716839933,-0.03618536596980364,-0.0001504397447617456,-0.6388899945580823,-0.44999385406769193,0.24635785688625525,,,,,,,,promoters
133,0.5048648648648648,0.5,0.5,0.49513513513513513,0.006879957871004215,,,,,,,,,,0.9999526665530977,0.6930998459927801,-0.9915257694367114,1.714405525037348,1.5057733485938616,1.510528474478538,1.3155491270314172,0.10360978421878986,0.11362077825636065,0,2,21,20,7400,0.95,352.3809523809524,1.4275988915248288,-0.12182524123703901,-0.23381089497140187,-0.24180172281195894,-0.3115874555709863,1.0380508092829848,0.04283907774210813,,,,,,,,ring
134,0.6536796536796536,0.5,0.5,0.3463203463203463,0.21733585049456655,,,,,,,,,,0.9531259734269446,0.6451389826734641,-0.8585101244495763,6.421109968667757,1.7965611413000973,1.7816465446796297,-1.8900733748276548,0.516902339334439,2.781939773787382,0,2,10,9,462,0.4444444444444444,46.2,-1.382712876666121,2.3126989374804188,0.7990779621648674,0.9052194041401875,-0.3817342585259032,0.22422759051389174,0.9598818226758478,,,,,,,,saheart
135,0.23822843822843823,0.16666666666666666,0.16045066045066045,0.09728049728049729,0.06783402798034407,,,,,,,,,,0.9319557633684364,1.721289539608092,-0.8409313651002375,1.2773432544146832,-0.15398920800489438,-0.4796368868670744,-0.9197895047254492,0.9336495425822455,0.8340821536018918,0,6,37,36,6435,0.16666666666666666,173.9189189189189,-0.967034721649132,0.9187090836987927,0.03985497261233746,-0.040326870480031876,-0.6747275074214822,0.4164859255819152,0.5578836277627449,,,,,,,,satimage
136,0.5205882352941177,0.5,0.5,0.47941176470588237,0.029116161578269618,,,,,,,,,,0.9991523688542309,0.6922991899717659,5.18782859486649,-0.5559205861539795,-1.2255783738093193,-1.2213492181945456,-1.8529127713462767,0.2187394452733726,0.25436376381345416,0,2,15,14,340,0.7857142857142857,22.666666666666668,2.9474082274262736,0.15984459157064831,-0.26519562019504667,-0.3081529811418148,-0.43146361481009043,1.8332049868794231,0.1607630104960723,,,,,,,,schizo
137,0.14285714285714285,0.14285714285714282,0.14285714285714285,0.14285714285714285,2.997944808332385e-17,,,,,,,,,,0.9999999999999997,1.945910149055313,7.264675596917176,339.22085035099445,38.5171846983183,0.6887411253798528,-1.2158709698911392,2.794146554451796,90.06972703848918,1,7,20,18,2310,0.21052631578947367,115.5,3.788441690973782,16.900929819683405,3.320958820613593,1.302781436859227,-0.88536098472236,2.07496585515107,4.7156745726254305,-3.0,1.0,1.0,1.0,0.0,,1.0,segmentation
138,0.7859655172413793,0.14285714285714285,0.0029482758620689655,0.00017241379310344826,0.2891450656276908,,,,,,,,,,0.2779594697696101,0.665630180939451,-0.7783491614362221,7698.22484577246,2335.680175412061,8.43848398754875,1.62177145961667,1.0223628368989135,3019.805193773908,2,7,10,7,58000,0.017857142857142856,5800.0,2.8330550900069262,31.687853326614952,3.0551534387360255,2.180838482144081,-21.86181042119729,0.4867604870823473,14.487588281906325,-2.0,54.0,52.5,51.0,0.0,2.1213203435596424,105.0,shuttle
139,0.49758280771990787,0.2,0.11299429693696415,0.08547040827888355,0.17233328904419873,,,,,,,,,,0.779243921190721,1.3600067512229401,,,,,,,,13,5,14,0,105908,0.5886524822695035,7564.857142857143,,,,,,,,13.000000000000025,11.0,10.846153846153847,9.0,-3.605551275463994,0.554700196225229,141.0,sleep
140,0.27936507936507937,0.2,0.20634920634920634,0.06666666666666667,0.08040587391691391,,,,,,,,,,0.9247023874739941,1.5311545759225598,-0.387594552211465,40.68463884358451,11.153910477210005,4.310675950738173,-1.6247322127325892,1.084457441565705,14.813319322873097,0,5,13,12,315,0.5833333333333334,24.23076923076923,-0.739993343150938,6.5135519414988865,1.6280431265300244,1.374299565821513,-3.9668839048554685,0.05748591664525078,3.0645483772023865,,,,,,,,solar-flare_1
141,0.31050656660412757,0.16666666666666666,0.1679174484052533,0.040337711069418386,0.09775321417175695,,,,,,,,,,0.8567780668284307,1.6371831101120586,7.638511386528485,329.9940713621093,48.352234580683806,3.1780988386069104,-1.8509892782667672,2.7124254357606405,95.00369258322796,1,6,13,11,1066,0.5,82.0,2.0623656910485,17.25399932095481,3.693629260321279,1.921511319911441,-2.274233868680088,1.4212128667644077,5.493824277954624,-3.0,1.0,1.0,1.0,0.0,,1.0,solar-flare_2
142,0.5336538461538461,0.5,0.5,0.46634615384615385,0.047593725656786844,,,,,,,,,,0.9977356912738824,0.6908803044104659,6.361492315971262,20.736120722569787,2.2767766937181757,0.8485342782176553,-1.2101041422784315,2.3565023543688315,4.262387208331567,0,2,61,60,208,0.2833333333333333,3.4098360655737703,-0.18950987491828553,3.4016974370591413,0.9672196487827536,0.9400686379052965,-0.788908697170394,0.08885075788900232,0.9452395014028108,,,,,,,,sonar
143,0.1362962962962963,0.05555555555555558,0.02962962962962963,0.02074074074074074,0.04488740767057966,,,,,,,,,,0.7673753661597746,2.625592555820427,6.183969702053247,15.074119579240254,1.2701134354395773,-0.01689695254413426,-1.544041854552641,2.387065594200584,3.5665613910152647,0,18,36,35,675,0.45714285714285713,18.75,1.899608364092149,2.4333721833009467,-0.40569754341508724,-0.3972651300657292,-2.9233011326641645,0.043993947381862505,0.9845398025871116,,,,,,,,soybean
144,0.6059552271245382,0.5,0.5,0.39404477287546186,0.14984331920384353,,,,,,,,,,0.9776298475539125,0.6705230209876485,6.141268800170572,1480.6420502862775,241.17001865177343,127.37652934848592,5.257394367988139,2.33336581486048,294.62161648968123,0,2,58,57,4601,0.03508771929824561,79.32758620689656,1.3247454090249313,31.06206427903545,11.186639096028685,9.724847529977307,1.5916742687064174,1.2977406420358228,6.897289088738801,,,,,,,,spambase
145,0.7940074906367042,0.5,0.5,0.20599250936329588,0.41578938069770777,,,,,,,,,,0.831479390012335,0.5085984133880677,3.2223920477163457,2.8550065061808745,-0.9016463337718015,-1.3019991444167267,-2.014636877638593,1.9080884927412642,1.2862440352581896,0,2,23,22,267,0.8181818181818182,11.608695652173912,0.4535360435786244,2.198562350621475,0.8943072074097291,0.841095797343585,0.022600496492748225,0.8141546494294056,0.5526108056174248,,,,,,,,spect
146,0.7277936962750716,0.5,0.5,0.2722063037249284,0.32214893469530387,,,,,,,,,,0.8978913327144793,0.5854409522174424,2.2004679029180494,20.18207664197622,5.782937715235994,4.716448304458771,1.041783827180648,1.5045843499348555,4.270606354597706,0,2,45,44,349,0.5454545454545454,7.7555555555555555,-0.3449967889357026,-0.8984196500422806,-1.8210042360503842,-1.7006435514343163,-3.2657530693520966,-0.6736633808169759,0.6123688626843645,,,,,,,,spectf
147,0.5191342534504392,0.3333333333333333,0.24121706398996237,0.2396486825595985,0.16091022774314295,,,,,,,,,,0.9297036983696283,1.0257229411646422,2.818449344101742,-0.03425324055191403,-1.1027305117329602,-1.090455474185251,-1.6233408232636184,1.2915478419168034,0.2929776336412084,0,3,61,60,3188,0.9166666666666666,52.26229508196721,-0.25281793081984016,1.0232320370685062,0.33590207786395937,0.43527648211835324,-0.19140182063102973,-0.1434323285290306,0.25153197586404386,,,,,,,,splice
148,0.3443708609271523,0.3333333333333333,0.33112582781456956,0.32450331125827814,0.01011606113676785,,,,,,,,,,0.9996939642233177,1.0983062060529227,0.6876429746788362,1.8449043860756031,0.06846993038188876,-0.34747425530201426,-1.1542090953854602,0.9742818040636015,1.0329600015315337,0,3,6,5,151,0.6,25.166666666666668,-2.7136052207786716,0.8701667338818015,-0.43474804080762813,-0.008312804753781204,-1.9546465216377116,-0.3931222178030859,1.1291787874004051,,,,,,,,tae
149,0.09090909090909091,0.09090909090909093,0.09090909090909091,0.09090909090909091,1.4555146645863654e-17,,,,,,,,,,1.0,2.3978952727983707,5.001561774785664,11.448611212294123,1.1981350593397508,0.030664066794604095,-1.0805117922533976,2.4951077224808578,3.5176548904521083,0,11,41,40,5500,0.1,134.14634146341464,2.003534324366049,2.668850679615685,0.28531363757299577,0.02715653994474395,-1.1402409817139203,1.5041021588001589,0.9326420587047105,,,,,,,,texture
150,0.53515625,0.5,0.5,0.46484375,0.04971844555217912,,,,,,,,,,0.9975290930593487,0.6906732158907924,-3.0,-2.0078585461689586,-2.0078585461689586,-2.0078585461689586,-2.0078585461689586,0.0,0.0,0,2,10,9,512,1.0,51.2,-3.0,0.0,0.0,0.0,0.0,0.0,0.0,,,,,,,,threeOf9
151,0.6534446764091858,0.5,0.5,0.3465553235908142,0.21700354245182146,,,,,,,,,,0.9532681409827275,0.6452881308007814,1.6416454225660093,-0.9884386919930339,-1.2773688954060292,-1.2327625622813367,-1.3942077793839707,1.1790183003586883,0.1273860543127954,0,2,10,9,958,1.0,95.8,-0.30803597210679534,-0.2446360967134481,-0.35302012303227,-0.4073711381652283,-0.569152167775724,-0.5989818483248134,0.10827823254787992,,,,,,,,tic-tac-toe
152,0.6769650159018628,0.5,0.5,0.3230349840981372,0.25026632555398476,,,,,,,,,,0.937994524284075,0.629136012916754,-3.0,-0.7584400045640365,-0.7584400045640365,-0.7584400045640365,-0.7584400045640365,0.0,0.0,2,2,4,1,2201,0.6666666666666666,550.25,-3.0,-0.7029465817413465,-0.7029465817413465,-0.7029465817413465,-0.7029465817413465,0.0,0.0,-3.0,2.0,2.0,2.0,0.0,0.0,4.0,titanic
153,0.6392075078206465,0.5,0.5,0.3607924921793535,0.19686914554411697,,,,,,,,,,0.9614868633714843,0.6538728038731461,27.47420710760784,959.0000000000002,61.11200105134764,4.260958073194846,-3.0,4.908948032485005,152.9922953217154,0,2,45,44,959,0.045454545454545456,21.31111111111111,6.478597537858434,30.967725134404052,4.781095716668571,2.0710612021982193,-0.29490516981870735,2.173560634817773,6.090451526060373,,,,,,,,tokyo1
154,0.5004054054054055,0.5,0.5,0.4995945945945946,0.0005733298225837206,,,,,,,,,,0.9999996712929325,0.6931468518528239,0.997441432631256,0.04916169058971098,-0.06388078544223634,-0.07459906679308537,-0.14417075659783363,0.7620641914062498,0.04418902228490056,0,2,21,20,7400,0.95,352.3809523809524,-0.9322910189679874,0.051696211787445295,0.0115705913254739,0.0038247246115244884,-0.03290459217782352,0.2501074114550985,0.025248997881264994,,,,,,,,twonorm
155,0.2576832151300236,0.25,0.2535460992907801,0.23522458628841608,0.010327298992971743,,,,,,,,,,0.9993533403358842,1.385647492281233,9.417013120490164,58.37545547363183,5.15314051651476,-0.44165451580509263,-0.9784712963069744,3.0467792037660266,14.822384535391622,0,4,19,18,846,0.05555555555555555,44.526315789473685,7.938699338915111,6.778393619108948,1.041577728362275,0.4982427339460339,-0.22634128032982515,2.760601590039252,1.6518521241768302,,,,,,,,vehicle
156,0.6137931034482759,0.5,0.5,0.38620689655172413,0.16092775020107633,,,,,,,,,,0.9742122631446503,0.667021110783824,13.422451995037466,-0.41755164833257563,-1.7763899828957808,-1.8780607223613615,-1.9923696380402929,3.562635457539826,0.363529333401775,0,2,17,16,435,0.8125,25.58823529411765,0.7428473057760829,0.5444015380337498,-0.08342038915944298,-0.0184499983765371,-1.0141482483457398,-0.6904813328956826,0.37961477629096535,,,,,,,,vote
157,0.09090909090909091,0.09090909090909093,0.09090909090909091,0.09090909090909091,1.4555146645863654e-17,,,,,,,,,,1.0,2.3978952727983707,0.6623091603112559,0.15243688024771584,-0.6997883335013284,-0.4894416536336923,-1.9861050253937387,-1.1748437459217373,0.632171728611846,0,11,14,13,990,0.46153846153846156,70.71428571428571,-0.47134701566454185,0.3570604221210377,0.04949890459778804,0.01649917601460066,-0.20615204556382108,0.4263465419664364,0.16243551765666656,,,,,,,,vowel
158,0.3392,0.3333333333333333,0.3314,0.3294,0.005178159261101699,,,,,,,,,,0.9999197607652426,1.0985320462140127,-0.8582156744088394,0.11161952693300758,-0.3512516858017854,-0.4510269844306669,-0.6715954138739635,0.6789658132975067,0.24073164574722533,0,3,22,21,5000,0.9047619047619048,227.27272727272728,-0.41002376384604355,0.29985115508997734,0.07515405805282452,0.0841342948084931,-0.2436453752708659,-0.5139243567542241,0.15377001345269606,,,,,,,,waveform-21
159,0.3384,0.3333333333333333,0.331,0.3306,0.004392417709341084,,,,,,,,,,0.9999422654174759,1.0985545524188804,-1.330906082372623,0.15060825997499405,-0.19641749321969693,-0.05122710616510329,-0.6790518256314759,-0.5794060641161848,0.25991711459183486,0,3,41,40,5000,0.9,121.95121951219512,0.5517986608291636,0.27203710732311204,0.03546827362426725,0.016415358784205476,-0.2720307815724984,0.17560293857594275,0.11805459884570658,,,,,,,,waveform-40
160,0.6274165202108963,0.5,0.5,0.37258347978910367,0.18019417095263515,,,,,,,,,,0.9677022506120437,0.6603163491952275,5.93058942062326,49.20907650724118,7.7780434308831214,2.9842446218376426,-0.5355934737274715,2.5166418248574294,12.630564325176335,0,2,31,30,569,0.03333333333333333,18.35483870967742,2.5507785088561974,5.447186284898395,1.7346295274447714,1.416407677350842,0.413759350410492,1.6840046076932433,1.2532240826117234,,,,,,,,wdbc
161,0.425891181988743,0.16666666666666666,0.07879924953095685,0.006253908692933083,0.19527933791409863,,,,,,,,,,0.544913499304808,1.1846312554403946,2.7013946836307134,41.71578724757661,8.3087962682274,1.2255422501791413,-0.788997515363397,1.893101593919144,13.350929004631185,0,6,12,11,1599,0.18181818181818182,133.25,1.2820075989407025,5.6803465719717225,1.6831140163056626,0.9827514413284585,0.07128766294927481,1.4872921012415392,1.7524862387844267,,,,,,,,wine-quality-red
162,0.4492131616595136,0.16666666666666666,0.10780707132638463,0.004087471898630697,0.17807040950620695,,,,,,,,,,0.6016632058948119,1.283702020352865,7.468528538250522,37.57131038691703,7.069393697723109,3.4692287356873086,-0.6943358961696506,2.6058281437089232,10.33146753650201,0,6,12,11,4893,0.18181818181818182,407.75,8.386513762929917,5.02520790009409,1.3008539837314237,0.9787878649429107,0.3896423954943305,2.764270811741631,1.2373967738510843,,,,,,,,wine-quality-white
163,0.398876404494382,0.3333333333333333,0.33146067415730335,0.2696629213483146,0.06462709335856702,,,,,,,,,,0.9875048754767258,1.086038443640683,0.4988070844761676,2.104991323590557,0.006742802303921922,-0.24840310614613337,-1.0864345274098701,0.9040392849523226,0.8981368138096536,0,3,14,13,178,0.07692307692307693,12.714285714285714,-1.2900972159654145,1.098191054755161,0.35016849842021147,0.21304688642645583,-0.30728549895848095,0.35103519644653164,0.4548204389440278,,,,,,,,wine-recognition
164,0.6690647482014388,0.5,0.5,0.33093525179856115,0.2390936598256671,,,,,,,,,,0.9433591681964177,0.6348389899526258,3.489723256238121,-2.002895992261423,-2.0038174069673342,-2.0040175368839526,-2.004119464469618,1.8439560911705084,0.00037415813342606244,0,2,10,9,973,1.0,97.3,1.9241742422104107,0.03500279272818988,-0.003888381336176439,-0.006176049911943018,-0.0226468559811138,1.2844861168581185,0.017045681387335875,,,,,,,,xd6
165,0.31304935767410413,0.1111111111111111,0.034482758620689655,0.013522650439486139,0.11917207327126328,,,,,,,,,,0.6139854195016111,1.7094404794792195,1.4713242427624822,159.88351064858207,35.928848696702744,5.02323112828042,0.4892319696122791,1.6613261901225564,57.55057799282051,0,9,9,8,1479,0.875,164.33333333333334,0.14267319115686528,12.71484594472444,3.227607808717729,1.0262804386700513,-1.7899178324894778,1.2765734469236776,4.94030555818807,,,,,,,,yeast
