Train or Test	Speaker Number	Sex	Feature 0	Feature 1	Feature 2	Feature 3	Feature 4	Feature 5	Feature 6	Feature 7	Feature 8	Feature 9	class
1	0	1	-3.639	0.418	-0.67	1.779	-0.168	1.6269999999999998	-0.388	0.529	-0.8740000000000001	-0.8140000000000001	8
1	0	1	-3.327	0.496	-0.6940000000000001	1.365	-0.265	1.933	-0.363	0.51	-0.621	-0.488	2
1	0	1	-2.12	0.894	-1.5759999999999998	0.147	-0.7070000000000001	1.5590000000000002	-0.579	0.6759999999999999	-0.809	-0.049	1
1	0	1	-2.287	1.809	-1.4980000000000002	1.012	-1.053	1.06	-0.5670000000000001	0.235	-0.091	-0.795	0
1	0	1	-2.5980000000000003	1.938	-0.846	1.062	-1.633	0.764	0.394	-0.15	0.277	-0.396	5
1	0	1	-2.852	1.914	-0.755	0.825	-1.588	0.855	0.217	-0.246	0.238	-0.365	6
1	0	1	-3.482	2.524	-0.433	1.048	-1.995	0.902	0.322	0.45	0.377	-0.366	3
1	0	1	-3.941	2.305	0.124	1.771	-1.815	0.593	-0.435	0.992	0.575	-0.301	9
1	0	1	-3.86	2.116	-0.939	0.688	-0.675	1.679	-0.512	0.928	-0.16699999999999998	-0.434	4
1	0	1	-3.648	1.812	-1.378	1.578	0.065	1.577	-0.466	0.7020000000000001	0.06	-0.836	10
1	0	1	-3.032	1.739	-1.141	0.737	-0.8340000000000001	1.386	-0.575	0.679	-0.018000000000000002	-0.823	7
1	0	1	-3.653	0.373	-0.6	1.705	-0.222	1.765	-0.353	0.537	-0.797	-0.813	8
1	0	1	-3.237	0.436	-0.86	1.3630000000000002	-0.251	1.915	-0.395	0.7509999999999999	-0.774	-0.327	2
1	0	1	-2.135	0.954	-1.632	0.121	-0.7040000000000001	1.6	-0.628	0.713	-0.903	-0.027000000000000003	1
1	0	1	-2.3040000000000003	1.784	-1.506	0.981	-0.961	0.8059999999999999	-0.294	-0.002	0.119	-0.76	0
1	0	1	-2.54	2.144	-1.024	0.933	-1.567	1.024	0.188	-0.047	0.309	-0.633	5
1	0	1	-2.826	2.003	-0.738	0.8009999999999999	-1.669	0.939	0.245	-0.257	0.256	-0.458	6
1	0	1	-3.582	2.374	-0.358	1.162	-1.953	0.621	0.339	0.355	0.415	-0.259	3
1	0	1	-3.951	2.25	0.127	1.7719999999999998	-1.906	0.5670000000000001	-0.4320000000000001	1.045	0.598	-0.293	9
1	0	1	-3.783	1.974	-1.2	0.606	-0.65	1.504	-0.134	0.528	0.392	-0.58	4
1	0	1	-3.673	1.811	-1.405	1.621	0.044	1.5719999999999998	-0.453	0.745	-0.066	-0.733	10
1	0	1	-2.946	1.649	-1.167	0.7879999999999999	-0.909	1.3	-0.562	0.902	-0.07	-0.8420000000000001	7
1	0	1	-3.665	0.337	-0.6409999999999999	1.791	-0.194	1.686	-0.359	0.57	-0.6759999999999999	-0.841	8
1	0	1	-3.165	0.408	-0.971	1.207	-0.298	1.921	-0.215	0.723	-0.4920000000000001	-0.425	2
1	0	1	-2.105	1.035	-1.705	0.231	-0.5579999999999999	1.554	-0.649	0.71	-0.855	-0.151	1
1	0	1	-2.312	1.746	-1.51	1.019	-0.99	0.941	-0.488	0.208	0.033	-0.847	0
1	0	1	-2.635	2.147	-1.129	0.911	-1.4069999999999998	1.095	-0.071	0.118	0.139	-0.685	5
1	0	1	-2.887	2.131	-0.83	0.682	-1.557	0.818	0.448	-0.382	0.207	-0.402	6
1	0	1	-3.635	2.25	-0.394	1.012	-1.693	0.117	0.665	0.281	0.343	-0.003	3
1	0	1	-3.986	2.325	0.102	1.633	-2.014	0.5760000000000001	-0.344	1.003	0.5660000000000001	-0.245	9
1	0	1	-3.712	1.816	-1.171	0.647	-0.767	1.6980000000000002	-0.34700000000000003	0.92	0.159	-0.359	4
1	0	1	-3.74	1.832	-1.384	1.587	0.049	1.642	-0.516	0.7070000000000001	-0.16899999999999998	-0.522	10
1	0	1	-2.859	1.6269999999999998	-1.14	0.769	-0.948	1.39	-0.608	0.956	-0.204	-0.727	7
1	0	1	-3.624	0.305	-0.708	1.758	-0.194	1.675	-0.273	0.561	-0.5770000000000001	-0.843	8
1	0	1	-3.062	0.35100000000000003	-1.071	1.061	-0.355	1.99	-0.21	0.7959999999999999	-0.358	-0.299	2
1	0	1	-2.081	1.05	-1.778	0.411	-0.518	1.46	-0.5760000000000001	0.735	-0.866	-0.172	1
1	0	1	-2.289	1.845	-1.616	0.987	-0.8759999999999999	1.044	-0.5489999999999999	0.196	-0.07	-0.8140000000000001	0
1	0	1	-2.724	2.067	-1.142	0.923	-1.157	1.17	-0.276	0.172	-0.008	-0.649	5
1	0	1	-3.015	2.232	-0.899	0.574	-1.331	0.546	0.61	-0.452	0.035	-0.156	6
1	0	1	-3.559	2.126	-0.445	1.053	-1.765	0.349	0.546	0.321	0.443	-0.118	3
1	0	1	-4.074	2.281	0.152	1.556	-1.6130000000000002	-0.047	0.222	0.252	0.775	0.125	9
1	0	1	-3.618	1.5759999999999998	-1.14	0.6990000000000001	-0.741	1.633	-0.387	1.086	0.235	-0.388	4
1	0	1	-3.687	1.784	-1.5930000000000002	1.6030000000000002	0.123	1.4240000000000002	-0.225	0.441	0.206	-0.7140000000000001	10
1	0	1	-2.69	1.652	-1.261	0.674	-0.964	1.449	-0.593	1.005	-0.303	-0.541	7
1	0	1	-3.593	0.29	-0.782	1.707	-0.175	1.662	-0.13699999999999998	0.493	-0.4920000000000001	-0.926	8
1	0	1	-3.0460000000000003	0.387	-1.165	0.94	-0.386	1.978	-0.18600000000000005	0.8109999999999999	-0.394	-0.198	2
1	0	1	-2.255	0.902	-1.723	0.454	-0.524	1.453	-0.614	0.7609999999999999	-0.885	-0.118	1
1	0	1	-2.299	1.848	-1.695	1.065	-0.861	1.047	-0.607	0.313	-0.253	-0.759	0
1	0	1	-2.911	1.928	-1.131	0.899	-0.911	1.111	-0.208	-0.047	-0.029	-0.539	5
1	0	1	-3.089	2.339	-0.973	0.463	-1.169	0.5429999999999999	0.598	-0.45	-0.08	-0.039	6
1	0	1	-3.459	2.086	-0.595	0.937	-1.841	0.6	0.457	0.4	0.473	-0.211	3
1	0	1	-4.208	2.447	0.049	1.331	-2.088	0.585	-0.05	0.82	0.606	-0.302	9
1	0	1	-3.543	1.391	-1.22	0.6990000000000001	-0.769	1.579	-0.379	1.158	0.181	-0.17800000000000002	4
1	0	1	-3.684	1.774	-1.7280000000000002	1.611	0.1	1.393	-0.193	0.5539999999999999	0.245	-0.919	10
1	0	1	-2.596	1.56	-1.249	0.6559999999999999	-1.095	1.2919999999999998	-0.55	1.006	-0.15	-0.5529999999999999	7
1	0	1	-3.604	0.235	-0.836	1.786	-0.153	1.642	-0.096	0.488	-0.524	-1.003	8
1	0	1	-3.1710000000000003	0.49	-1.128	0.911	-0.388	2.014	-0.212	0.7070000000000001	-0.551	-0.187	2
1	0	1	-2.302	0.85	-1.646	0.455	-0.488	1.491	-0.617	0.8190000000000001	-0.887	-0.08	1
1	0	1	-2.3680000000000003	1.727	-1.556	1.162	-0.8190000000000001	0.941	-0.5720000000000001	0.345	-0.279	-0.736	0
1	0	1	-3.141	1.873	-1.131	0.941	-0.759	1.224	-0.354	0.016	-0.218	-0.568	5
1	0	1	-3.065	2.372	-1.002	0.496	-1.295	0.86	0.327	-0.404	0.067	-0.155	6
1	0	1	-3.4730000000000003	2.178	-0.82	0.706	-1.71	0.779	0.422	0.35100000000000003	0.426	-0.267	3
1	0	1	-4.238	2.437	0.036000000000000004	1.158	-2.127	0.5539999999999999	0.12	0.823	0.565	-0.293	9
1	0	1	-3.5460000000000003	1.258	-1.227	0.823	-0.7020000000000001	1.734	-0.397	1.3330000000000002	-0.277	0.013	4
1	0	1	-3.869	1.86	-1.646	1.612	0.044	1.531	-0.493	0.862	-0.106	-1.001	10
1	0	1	-2.6660000000000004	1.516	-1.198	0.741	-1.0659999999999998	1.24	-0.574	0.965	-0.13	-0.711	7
1	1	1	-4.102	0.209	0.414	0.423	0.985	1.4340000000000002	0.6629999999999999	0.036000000000000004	-0.784	-0.6679999999999999	8
1	1	1	-1.372	-0.03	-1.003	-0.388	-0.471	1.141	0.654	0.823	0.5579999999999999	0.043	2
1	1	1	-1.816	0.458	-0.947	-0.341	0.085	0.75	0.14400000000000002	0.462	-0.24	-0.266	1
1	1	1	-1.954	1.595	-1.5930000000000002	0.37	-0.136	0.022	0.034	0.321	-0.19	-0.491	0
1	1	1	-2.654	2.39	-0.008	0.07	-1.063	0.304	-0.105	0.281	0.488	-0.382	5
1	1	1	-2.321	1.3030000000000002	0.32	-0.085	-0.278	0.001	-0.094	-0.28300000000000003	0.852	0.022	6
1	1	1	-3.141	3.314	-0.996	-0.394	-0.19	-0.312	0.13699999999999998	0.631	0.547	-0.247	3
1	1	1	-3.941	3.353	0.486	-0.506	-1.12	0.101	0.297	0.711	-0.078	0.648	9
1	1	1	-4.1610000000000005	2.937	0.157	0.336	-0.968	0.6409999999999999	0.08800000000000001	0.237	0.565	0.823	4
1	1	1	-4.52	2.231	-0.08800000000000001	0.513	-0.528	1.246	0.198	0.242	0.161	0.769	10
1	1	1	-3.088	1.389	0.048	-0.21600000000000005	-0.329	0.91	0.045	-0.075	0.101	-0.134	7
1	1	1	-4.275	0.162	0.728	0.662	0.94	1.269	0.711	0.073	-0.8270000000000001	-0.655	8
1	1	1	-1.6569999999999998	0.056	-1.044	-0.32	-0.316	1.321	0.638	0.8	0.298	-0.159	2
1	1	1	-1.709	0.486	-0.953	-0.34600000000000003	0.02	0.7859999999999999	0.145	0.564	-0.229	-0.322	1
1	1	1	-1.952	1.469	-1.375	0.105	-0.154	0.17	-0.047	0.336	-0.098	-0.41	0
1	1	1	-2.67	2.696	-0.231	-0.028	-1.014	0.486	-0.13699999999999998	0.448	0.285	-0.482	5
1	1	1	-2.441	1.415	0.386	-0.335	-0.187	-0.079	0.0	-0.175	0.792	-0.026	6
1	1	1	-3.1460000000000004	3.076	-0.6829999999999999	-0.032	-0.693	-0.06	-0.267	0.476	0.982	-0.35200000000000004	3
1	1	1	-3.902	3.5860000000000003	0.334	-0.669	-1.087	0.255	0.461	0.812	-0.185	0.535	9
1	1	1	-4.267	3.01	0.172	0.028	-0.8270000000000001	0.532	0.099	0.326	0.34	0.696	4
1	1	1	-4.65	2.455	0.013	0.6809999999999999	-0.8	1.4340000000000002	0.126	0.036000000000000004	0.382	0.278	10
1	1	1	-3.03	1.185	0.314	-0.121	-0.591	0.965	0.353	-0.13699999999999998	-0.221	0.075	7
1	1	1	-4.473	0.373	0.858	0.919	0.778	1.272	0.653	-0.21600000000000005	-0.8909999999999999	-0.627	8
1	1	1	-1.856	0.063	-1.011	-0.238	-0.152	1.461	0.5720000000000001	0.775	0.154	-0.31	2
1	1	1	-1.976	0.389	-0.947	-0.25	-0.065	0.949	0.127	0.478	-0.32299999999999995	-0.345	1
1	1	1	-1.914	1.473	-1.342	-0.013	-0.213	0.253	0.005	0.229	-0.009000000000000001	-0.445	0
1	1	1	-2.7	2.83	-0.389	0.032	-0.958	0.44	-0.168	0.519	0.16899999999999998	-0.525	5
1	1	1	-2.5540000000000003	1.117	0.42	-0.022	-0.645	0.02	0.145	-0.327	0.66	0.073	6
1	1	1	-3.054	3.104	-0.513	-0.085	-0.952	0.299	-0.269	0.459	0.892	-0.308	3
1	1	1	-3.84	3.745	0.121	-0.6559999999999999	-1.0659999999999998	0.329	0.7340000000000001	0.875	-0.295	0.418	9
1	1	1	-4.323	2.853	0.385	0.209	-1.096	0.431	0.119	0.268	0.131	0.654	4
1	1	1	-4.676	2.537	0.075	0.73	-0.933	1.493	0.049	0.076	0.254	0.276	10
1	1	1	-2.922	1.516	-0.002	-0.353	-0.464	1.1840000000000002	0.383	-0.175	-0.34600000000000003	-0.033	7
1	1	1	-4.477	0.246	1.087	1.108	0.682	1.057	0.424	-0.264	-1.195	-0.52	8
1	1	1	-1.895	-0.012	-0.97	-0.152	-0.161	1.509	0.487	0.809	0.044	-0.264	2
1	1	1	-1.945	0.35200000000000004	-1.053	-0.228	-0.12	0.927	0.08800000000000001	0.509	-0.279	-0.246	1
1	1	1	-1.912	1.554	-1.455	-0.017	-0.118	0.27	-0.037000000000000005	0.163	-0.027000000000000003	-0.474	0
1	1	1	-2.724	2.998	-0.56	-0.077	-0.944	0.5479999999999999	-0.08	0.4	0.14400000000000002	-0.63	5
1	1	1	-2.385	1.241	0.272	-0.04	-0.6920000000000001	0.16	-0.061	-0.189	0.7440000000000001	0.08800000000000001	6
1	1	1	-3.092	3.014	-0.307	-0.016	-0.956	0.195	-0.227	0.3670000000000001	0.958	-0.092	3
1	1	1	-3.917	3.4960000000000004	0.409	-0.531	-1.15	0.017	0.605	0.977	-0.328	0.447	9
1	1	1	-4.232	3.035	0.428	0.4970000000000001	-1.374	0.5489999999999999	0.133	0.232	0.129	0.487	4
1	1	1	-4.759	2.696	0.104	0.6970000000000001	-0.787	1.114	0.205	-0.066	0.369	0.306	10
1	1	1	-2.945	1.724	-0.312	-0.239	-0.447	1.36	0.014	-0.102	0.021	-0.564	7
1	1	1	-4.314	-0.106	1.044	1.192	0.687	0.763	0.158	-0.193	-1.342	-0.447	8
1	1	1	-2.05	0.065	-0.938	-0.037000000000000005	0.08199999999999999	1.561	0.393	0.835	-0.029	-0.394	2
1	1	1	-1.804	0.431	-1.0	-0.4270000000000001	-0.094	0.848	0.084	0.636	-0.275	-0.214	1
1	1	1	-1.978	1.5419999999999998	-1.487	-0.096	-0.025	0.32	-0.063	0.097	-0.073	-0.381	0
1	1	1	-2.748	3.217	-0.976	-0.213	-0.792	0.7709999999999999	-0.032	0.223	0.043	-0.825	5
1	1	1	-2.351	1.53	0.086	-0.075	-0.426	0.125	-0.197	0.033	0.848	-0.038	6
1	1	1	-3.105	2.9160000000000004	-0.207	0.031	-0.897	0.021	-0.229	0.256	1.073	-0.065	3
1	1	1	-3.985	3.614	0.584	-0.42	-1.105	-0.174	0.348	0.885	-0.165	0.65	9
1	1	1	-4.16	3.329	0.275	0.394	-1.287	0.693	0.483	0.121	0.28600000000000003	0.153	4
1	1	1	-4.88	3.064	0.06	0.434	-0.575	0.897	0.25	0.085	0.093	0.445	10
1	1	1	-3.082	1.633	-0.118	-0.147	-0.484	1.176	-0.086	-0.07200000000000001	0.086	-0.564	7
1	1	1	-4.158	-0.342	0.9	1.09	0.56	0.955	0.395	-0.328	-1.52	-0.498	8
1	1	1	-2.441	0.191	-0.8140000000000001	0.255	0.411	1.636	0.395	0.7609999999999999	-0.005	-0.564	2
1	1	1	-1.672	0.328	-0.833	-0.5770000000000001	-0.363	0.84	0.18	0.682	-0.124	-0.109	1
1	1	1	-2.051	1.508	-1.641	-0.058	-0.102	0.34600000000000003	-0.021	0.109	-0.147	-0.298	0
1	1	1	-2.7880000000000003	3.194	-1.142	-0.313	-0.58	0.35700000000000004	0.281	0.08199999999999999	0.109	-0.858	5
1	1	1	-2.489	1.773	-0.18	-0.152	-0.353	0.133	-0.18600000000000005	0.207	0.7879999999999999	-0.285	6
1	1	1	-3.065	3.139	-0.461	-0.221	-0.759	-0.045	0.068	0.274	0.999	-0.331	3
1	1	1	-3.963	3.938	0.466	-0.564	-1.042	-0.064	0.241	0.888	-0.032	0.7979999999999999	9
1	1	1	-4.136	3.582	-0.407	-0.038	-0.687	1.031	0.491	0.157	0.305	0.028	4
1	1	1	-4.944	3.325	0.015	0.079	-0.593	1.047	0.337	0.29600000000000004	-0.453	0.371	10
1	1	1	-3.0580000000000003	1.6780000000000002	-0.35100000000000003	-0.255	0.038	0.6920000000000001	-0.173	0.226	0.202	-0.593	7
1	2	1	-1.202	-0.253	-2.487	0.809	-0.3670000000000001	2.169	0.32	1.034	-1.385	-0.706	8
1	2	1	-1.077	0.511	-2.006	0.305	-0.584	1.962	0.08900000000000001	1.406	-0.669	-0.027000000000000003	2
1	2	1	-1.768	0.7859999999999999	-1.4680000000000002	1.077	-0.34700000000000003	1.704	-0.171	1.0759999999999998	-0.691	-0.06	1
1	2	1	-1.737	1.789	-1.046	1.071	-0.775	1.041	-0.025	0.925	-0.452	0.006999999999999999	0
1	2	1	-2.432	2.126	-0.218	1.422	-1.169	0.41	-0.393	1.3259999999999998	-0.067	0.225	5
1	2	1	-2.125	1.952	-0.415	1.4580000000000002	-0.985	0.52	-0.344	1.249	-0.37	0.145	6
1	2	1	-2.607	2.406	-0.08800000000000001	1.586	-1.477	0.16399999999999998	-0.527	1.551	0.033	0.522	3
1	2	1	-3.813	3.705	-0.157	1.561	-1.503	-0.366	-0.581	1.412	0.29	-0.099	9
1	2	1	-3.05	1.6	-0.6859999999999999	1.543	-1.149	-0.043	0.297	0.727	0.598	0.458	4
1	2	1	-3.972	2.279	-0.62	0.954	-1.09	0.7190000000000001	0.7170000000000001	0.3	1.3090000000000002	0.171	10
1	2	1	-2.979	1.795	-0.87	1.4269999999999998	-0.93	1.3230000000000002	-0.212	1.286	-0.135	-0.496	7
1	2	1	-1.298	-0.295	-2.4330000000000003	0.955	-0.278	2.252	0.285	0.915	-1.569	-0.562	8
1	2	1	-1.012	0.516	-2.041	0.32	-0.634	1.969	0.041	1.414	-0.687	0.047	2
1	2	1	-1.501	0.847	-1.619	0.92	-0.488	1.616	-0.161	1.127	-0.613	-0.051	1
1	2	1	-1.6740000000000002	1.711	-1.04	1.136	-0.8690000000000001	1.036	-0.157	0.946	-0.361	0.02	0
1	2	1	-2.3080000000000003	2.023	-0.203	1.493	-1.223	0.379	-0.481	1.403	-0.045	0.402	5
1	2	1	-2.155	2.027	-0.393	1.354	-1.045	0.6459999999999999	-0.246	1.279	-0.396	0.177	6
1	2	1	-2.652	2.156	-0.053	1.694	-1.258	0.062	-0.61	1.3969999999999998	0.133	0.602	3
1	2	1	-3.834	3.749	-0.183	1.518	-1.585	-0.281	-0.334	1.1909999999999998	0.425	-0.104	9
1	2	1	-3.33	1.529	-0.552	2.023	-0.845	0.016	0.049	0.512	0.396	0.386	4
1	2	1	-4.17	2.232	-0.389	1.211	-1.011	0.57	0.5429999999999999	0.218	1.206	0.044	10
1	2	1	-2.867	1.391	-0.8170000000000001	1.595	-0.883	1.143	-0.4270000000000001	1.159	0.17	-0.456	7
1	2	1	-1.393	-0.305	-2.29	1.1	-0.254	2.327	0.363	0.795	-1.521	-0.7559999999999999	8
1	2	1	-0.941	0.539	-2.02	0.314	-0.679	1.897	0.028	1.504	-0.632	0.111	2
1	2	1	-1.332	0.848	-1.665	0.97	-0.463	1.5219999999999998	-0.159	1.101	-0.541	-0.05	1
1	2	1	-1.57	1.655	-1.04	1.16	-0.923	0.961	-0.231	0.955	-0.273	0.065	0
1	2	1	-2.227	1.993	-0.156	1.554	-1.19	0.332	-0.5479999999999999	1.362	-0.013	0.369	5
1	2	1	-2.043	1.95	-0.435	1.341	-1.0490000000000002	0.5579999999999999	-0.237	1.237	-0.28300000000000003	0.306	6
1	2	1	-2.679	1.731	-0.09	2.003	-1.009	0.038	-0.8220000000000001	1.232	0.128	0.72	3
1	2	1	-3.836	3.699	-0.225	1.52	-1.729	-0.184	0.064	0.97	0.5	-0.13	9
1	2	1	-3.478	1.703	-0.557	2.191	-1.043	0.339	-0.004	0.5870000000000001	0.45	0.006	4
1	2	1	-4.333	2.438	-0.219	1.372	-0.7609999999999999	0.306	0.594	-0.022	1.103	0.19	10
1	2	1	-2.704	1.285	-0.908	1.57	-0.84	1.044	-0.399	0.951	0.345	-0.695	7
1	2	1	-1.4169999999999998	-0.319	-2.254	1.072	-0.221	2.268	0.43	0.923	-1.486	-0.698	8
1	2	1	-0.961	0.514	-1.951	0.364	-0.68	1.895	0.047	1.539	-0.63	0.094	2
1	2	1	-1.22	0.831	-1.6740000000000002	0.94	-0.425	1.463	-0.063	1.135	-0.422	0.06	1
1	2	1	-1.501	1.611	-1.003	1.156	-0.883	0.901	-0.16899999999999998	0.862	-0.151	0.16399999999999998	0
1	2	1	-2.176	1.952	-0.14400000000000002	1.659	-1.128	0.28	-0.6579999999999999	1.346	0.008	0.505	5
1	2	1	-1.891	1.776	-0.518	1.461	-1.05	0.5670000000000001	-0.307	1.152	-0.239	0.325	6
1	2	1	-2.624	1.653	-0.156	2.023	-1.052	0.086	-0.752	1.341	0.196	0.71	3
1	2	1	-3.763	3.252	-0.262	1.52	-1.6840000000000002	-0.225	0.235	0.989	0.616	0.046	9
1	2	1	-3.549	1.905	-0.509	1.963	-1.2	0.847	-0.157	0.8420000000000001	0.625	-0.586	4
1	2	1	-4.373	2.463	-0.171	1.501	-0.639	0.292	0.518	-0.114	1.127	0.332	10
1	2	1	-2.562	1.361	-0.94	1.3330000000000002	-1.047	1.208	-0.316	1.055	0.354	-0.77	7
1	2	1	-1.384	-0.321	-2.266	0.937	-0.289	2.29	0.463	1.096	-1.436	-0.701	8
1	2	1	-1.123	0.415	-1.954	0.563	-0.465	1.983	0.027000000000000003	1.614	-0.568	0.006999999999999999	2
1	2	1	-1.28	0.7979999999999999	-1.6469999999999998	0.968	-0.418	1.609	-0.031	1.224	-0.374	0.044	1
1	2	1	-1.475	1.557	-1.009	1.202	-0.846	0.883	-0.138	0.8220000000000001	-0.165	0.198	0
1	2	1	-2.205	1.804	-0.199	1.773	-1.089	0.312	-0.621	1.247	0.13699999999999998	0.406	5
1	2	1	-1.824	1.682	-0.669	1.483	-1.036	0.711	-0.249	1.193	-0.274	0.224	6
1	2	1	-2.574	1.814	-0.16699999999999998	1.826	-1.156	0.12	-0.609	1.543	0.11	0.75	3
1	2	1	-3.693	3.067	-0.273	1.619	-1.905	0.045	0.006	1.347	0.34600000000000003	0.36	9
1	2	1	-3.545	1.926	-0.512	1.732	-1.109	1.006	0.021	0.82	0.731	-0.639	4
1	2	1	-4.386	2.271	-0.157	1.536	-0.614	0.23	0.57	-0.117	1.074	0.397	10
1	2	1	-2.53	1.492	-0.936	1.21	-1.154	1.3159999999999998	-0.267	1.149	0.226	-0.77	7
1	2	1	-1.215	-0.28800000000000003	-2.423	0.8340000000000001	-0.379	2.266	0.503	1.337	-1.36	-0.682	8
1	2	1	-1.4	0.316	-1.894	0.83	-0.242	2.0380000000000003	0.003	1.6669999999999998	-0.515	-0.087	2
1	2	1	-1.494	0.6629999999999999	-1.58	1.1909999999999998	-0.252	1.777	-0.07200000000000001	1.189	-0.409	0.09	1
1	2	1	-1.5119999999999998	1.492	-1.053	1.262	-0.809	0.941	-0.122	0.807	-0.206	0.145	0
1	2	1	-2.274	1.653	-0.226	1.857	-0.971	0.327	-0.605	1.121	0.121	0.29100000000000004	5
1	2	1	-1.804	1.556	-0.8029999999999999	1.388	-0.989	0.7509999999999999	-0.029	0.963	-0.228	0.297	6
1	2	1	-2.447	1.914	-0.208	1.641	-1.159	0.104	-0.539	1.58	0.058	0.7859999999999999	3
1	2	1	-3.675	3.132	-0.241	1.587	-1.75	-0.222	0.039	1.052	0.545	0.233	9
1	2	1	-3.425	1.724	-0.638	1.5730000000000002	-1.041	1.204	-0.124	1.258	0.5479999999999999	-0.507	4
1	2	1	-4.376	2.216	-0.269	1.32	-0.66	0.159	0.7190000000000001	0.008	1.058	0.472	10
1	2	1	-2.52	1.52	-0.959	1.296	-1.103	1.149	-0.268	1.249	0.092	-0.682	7
1	5	1	-1.548	-0.4	-1.659	0.244	-0.101	1.5619999999999998	0.551	1.248	0.129	-0.456	8
1	5	1	-1.614	0.287	-1.195	-0.252	-0.257	1.251	0.281	0.898	0.188	-0.423	2
1	5	1	-1.891	0.988	-1.06	0.119	0.59	0.263	0.3720000000000001	0.39	-0.376	-0.655	1
1	5	1	-2.03	1.764	-0.386	-0.249	0.18	0.117	0.096	-0.121	0.067	-0.552	0
1	5	1	-2.55	2.629	0.084	-0.159	-0.882	0.093	-0.19	0.961	0.032	-0.589	5
1	5	1	-2.464	1.968	0.026	0.078	-0.542	0.07400000000000001	0.051	0.596	0.26	-0.4370000000000001	6
1	5	1	-3.193	2.026	0.83	0.813	-1.205	0.036000000000000004	-0.95	0.7859999999999999	1.045	0.21	3
1	5	1	-3.5660000000000003	1.504	0.94	1.829	-1.224	0.17800000000000002	-1.454	0.92	0.767	1.0590000000000002	9
1	5	1	-3.299	1.73	0.187	0.121	-1.251	0.7959999999999999	-0.366	1.091	0.493	0.436	4
1	5	1	-3.6010000000000004	0.742	-0.238	0.332	-0.561	1.275	-0.014	0.8440000000000001	0.5579999999999999	0.659	10
1	5	1	-2.439	0.789	0.08199999999999999	0.242	-0.693	0.595	-0.353	0.7020000000000001	0.413	0.098	7
1	5	1	-1.507	-0.457	-1.7280000000000002	0.256	-0.081	1.571	0.556	1.291	0.121	-0.456	8
1	5	1	-1.425	0.256	-1.13	-0.284	-0.394	1.253	0.306	0.893	0.272	-0.378	2
1	5	1	-1.814	0.923	-0.931	0.12	0.425	0.5539999999999999	0.237	0.426	-0.184	-0.727	1
1	5	1	-2.007	1.814	-0.581	-0.027000000000000003	0.127	0.081	0.08900000000000001	-0.016	0.115	-0.7190000000000001	0
1	5	1	-2.559	2.3	0.408	-0.001	-1.077	0.125	-0.254	0.975	0.07	-0.47	5
1	5	1	-2.431	1.873	0.208	0.123	-0.634	0.17800000000000002	0.04	0.612	0.446	-0.562	6
1	5	1	-3.24	1.749	0.959	1.071	-1.188	0.018000000000000002	-1.024	0.664	1.007	0.443	3
1	5	1	-3.565	1.3630000000000002	0.958	1.976	-1.268	0.091	-1.3630000000000002	0.72	0.738	1.145	9
1	5	1	-3.198	1.3730000000000002	0.392	0.423	-1.203	0.6559999999999999	-0.428	0.994	0.5760000000000001	0.865	4
1	5	1	-3.772	0.904	-0.195	0.317	-0.473	1.31	-0.043	0.898	0.536	0.503	10
1	5	1	-2.434	0.87	0.127	0.224	-0.8109999999999999	0.6659999999999999	-0.233	0.705	0.408	0.136	7
1	5	1	-1.656	-0.496	-1.719	0.363	-0.002	1.6369999999999998	0.535	1.319	-0.012	-0.49	8
1	5	1	-1.388	0.215	-1.105	-0.295	-0.39	1.2819999999999998	0.35600000000000004	0.816	0.292	-0.376	2
1	5	1	-1.764	0.888	-1.001	0.197	0.3	0.66	0.159	0.557	-0.301	-0.65	1
1	5	1	-2.026	1.75	-0.526	-0.131	0.266	-0.055	0.084	0.063	0.047	-0.691	0
1	5	1	-2.531	1.802	0.7390000000000001	0.236	-1.169	-0.069	-0.349	0.903	0.123	-0.119	5
1	5	1	-2.375	1.642	0.308	0.255	-0.82	0.225	-0.092	0.8740000000000001	0.3670000000000001	-0.525	6
1	5	1	-3.179	1.346	0.988	1.32	-0.852	-0.008	-1.234	0.34700000000000003	1.02	0.7709999999999999	3
1	5	1	-3.57	1.366	0.97	1.957	-1.262	0.002	-1.275	0.585	0.754	0.993	9
1	5	1	-3.169	1.041	0.509	0.693	-1.185	0.6729999999999999	-0.35200000000000004	0.877	0.434	1.009	4
1	5	1	-4.066	1.05	-0.049	0.458	-0.35700000000000004	1.331	-0.129	0.848	0.509	0.317	10
1	5	1	-2.483	0.81	0.185	0.284	-0.917	0.73	-0.111	0.613	0.373	0.184	7
1	5	1	-1.823	-0.578	-1.624	0.52	0.052000000000000005	1.711	0.535	1.318	-0.115	-0.505	8
1	5	1	-1.45	0.199	-1.127	-0.281	-0.3720000000000001	1.287	0.369	0.855	0.303	-0.385	2
1	5	1	-1.79	0.7929999999999999	-1.041	0.214	0.215	0.6940000000000001	0.121	0.583	-0.403	-0.487	1
1	5	1	-2.089	1.695	-0.528	-0.232	0.385	-0.13699999999999998	0.033	0.071	0.033	-0.7440000000000001	0
1	5	1	-2.475	1.4980000000000002	0.8640000000000001	0.397	-1.17	-0.234	-0.388	0.825	0.16	0.057	5
1	5	1	-2.314	1.494	0.294	0.245	-0.769	0.05	-0.068	0.8190000000000001	0.618	-0.5720000000000001	6
1	5	1	-3.062	1.008	0.935	1.443	-0.579	0.068	-1.3330000000000002	0.106	0.958	0.979	3
1	5	1	-3.576	1.357	0.912	1.878	-1.166	0.039	-1.537	0.6579999999999999	0.843	1.087	9
1	5	1	-3.155	1.021	0.455	0.624	-1.306	0.8420000000000001	-0.123	0.909	0.328	0.8759999999999999	4
1	5	1	-4.316	1.147	0.08800000000000001	0.593	-0.314	1.3159999999999998	-0.255	0.7609999999999999	0.4920000000000001	0.133	10
1	5	1	-2.608	0.8390000000000001	0.203	0.305	-0.851	0.78	-0.14300000000000002	0.607	0.344	0.106	7
1	5	1	-1.953	-0.596	-1.543	0.619	0.056	1.742	0.5920000000000001	1.289	-0.163	-0.523	8
1	5	1	-1.495	0.117	-1.134	-0.249	-0.37	1.286	0.348	0.8540000000000001	0.313	-0.376	2
1	5	1	-1.921	0.7190000000000001	-0.95	0.299	0.222	0.7859999999999999	0.128	0.588	-0.462	-0.491	1
1	5	1	-2.052	1.483	-0.488	0.041	-0.131	0.273	-0.112	-0.064	0.307	-0.8	0
1	5	1	-2.507	1.528	0.852	0.331	-1.231	-0.259	-0.265	0.856	0.07	0.069	5
1	5	1	-2.291	1.146	0.35200000000000004	0.354	-0.7140000000000001	0.08	-0.181	0.787	0.7090000000000001	-0.409	6
1	5	1	-2.9330000000000003	0.7170000000000001	0.8290000000000001	1.508	-0.517	0.069	-1.163	0.021	0.866	1.0659999999999998	3
1	5	1	-3.53	1.268	0.903	1.887	-1.279	0.008	-1.4409999999999998	0.657	0.873	1.042	9
1	5	1	-3.145	0.863	0.416	0.6990000000000001	-1.378	0.892	0.02	0.89	0.221	0.8340000000000001	4
1	5	1	-4.394	1.162	0.157	0.608	-0.409	1.352	-0.243	0.758	0.447	0.096	10
1	5	1	-2.704	0.917	0.267	0.314	-0.7559999999999999	0.818	-0.114	0.6729999999999999	0.261	0.056	7
1	5	1	-2.0580000000000003	-0.61	-1.497	0.696	0.07200000000000001	1.802	0.626	1.3030000000000002	-0.192	-0.5379999999999999	8
1	5	1	-1.537	0.043	-1.125	-0.213	-0.378	1.265	0.33	0.87	0.293	-0.393	2
1	5	1	-1.933	0.728	-1.015	0.27	0.199	0.78	0.192	0.706	-0.446	-0.595	1
1	5	1	-2.076	1.413	-0.584	0.19	-0.35	0.518	-0.406	0.313	0.027000000000000003	-0.7240000000000001	0
1	5	1	-2.5540000000000003	1.5319999999999998	0.812	0.3670000000000001	-1.208	-0.35200000000000004	-0.252	0.894	0.05	0.084	5
1	5	1	-2.343	0.7879999999999999	0.373	0.4920000000000001	-0.667	0.279	-0.24	0.8270000000000001	0.589	-0.267	6
1	5	1	-2.834	0.654	0.733	1.4340000000000002	-0.716	-0.028	-0.841	0.239	0.92	0.885	3
1	5	1	-3.482	1.127	0.899	1.993	-1.385	-0.05	-1.273	0.647	0.8440000000000001	1.044	9
1	5	1	-3.2460000000000004	0.7120000000000001	0.39	0.82	-1.352	1.074	0.197	0.857	-0.056	0.485	4
1	5	1	-4.521	1.43	0.162	0.58	-0.35100000000000003	1.339	-0.259	0.81	0.431	-0.102	10
1	5	1	-2.804	1.021	0.254	0.331	-0.654	0.8540000000000001	-0.085	0.6779999999999999	0.259	-0.031	7
1	3	0	-3.034	-1.274	0.263	1.521	0.66	1.622	-0.361	-0.468	-0.74	0.517	8
1	3	0	-3.1180000000000003	0.35600000000000004	0.377	1.4469999999999998	0.868	0.407	-0.915	-0.546	-0.637	0.16899999999999998	2
1	3	0	-2.611	0.434	0.231	1.3430000000000002	0.32299999999999995	-0.378	-0.618	-0.219	-0.285	0.34700000000000003	1
1	3	0	-1.5659999999999998	0.93	-0.181	-0.155	-0.16399999999999998	-0.277	0.14400000000000002	-0.047	-0.6940000000000001	0.282	0
1	3	0	-2.758	2.067	-0.31	-0.5429999999999999	-0.687	0.091	0.8809999999999999	0.172	-0.454	-0.093	5
1	3	0	-2.497	1.607	-0.621	-0.446	-0.226	-0.152	1.16	0.122	-0.809	0.495	6
1	3	0	-3.533	2.319	1.085	0.247	-1.053	-0.429	-0.026	1.305	-0.243	-0.6709999999999999	3
1	3	0	-3.893	3.69	0.079	-0.151	-1.093	-0.518	0.198	1.5830000000000002	-0.257	-0.16899999999999998	9
1	3	0	-4.079	2.6630000000000003	-0.048	-0.315	0.234	0.861	0.335	0.435	-0.546	-0.928	4
1	3	0	-4.16	2.814	0.557	0.604	0.584	0.477	-0.272	0.784	-0.999	-0.7809999999999999	10
1	3	0	-2.91	0.918	-0.138	-0.382	0.115	0.29	0.418	0.757	-0.898	-0.189	7
1	3	0	-3.162	-1.137	0.3	1.44	0.688	1.645	-0.447	-0.518	-0.52	0.6409999999999999	8
1	3	0	-3.224	0.487	0.8220000000000001	1.324	0.753	0.35200000000000004	-0.976	-0.562	-0.489	0.172	2
1	3	0	-2.681	0.531	0.252	1.239	0.469	-0.339	-0.652	-0.417	-0.246	0.412	1
1	3	0	-1.577	0.907	-0.29100000000000004	0.006999999999999999	-0.256	-0.233	0.187	-0.052000000000000005	-0.627	0.238	0
1	3	0	-2.861	2.091	-0.411	-0.438	-0.643	0.317	0.8170000000000001	0.104	-0.481	-0.252	5
1	3	0	-2.445	1.503	-0.677	-0.46	-0.14	-0.002	1.014	0.061	-0.599	0.175	6
1	3	0	-3.406	2.403	1.025	0.108	-1.1	-0.316	0.099	1.541	-0.304	-0.6709999999999999	3
1	3	0	-3.958	3.922	0.15	-0.265	-1.2009999999999998	-0.249	0.202	1.163	-0.049	-0.039	9
1	3	0	-4.0710000000000015	2.754	-0.232	-0.262	0.35600000000000004	0.6940000000000001	0.381	0.5	-0.721	-0.8590000000000001	4
1	3	0	-4.188	2.637	0.502	0.552	0.735	0.395	-0.026	0.8029999999999999	-0.8740000000000001	-0.913	10
1	3	0	-2.923	0.919	-0.231	-0.307	0.075	0.265	0.403	0.691	-1.012	-0.157	7
1	3	0	-3.39	-0.956	0.476	1.547	0.6579999999999999	1.504	-0.65	-0.604	-0.295	0.616	8
1	3	0	-3.128	0.28	0.955	1.264	0.753	0.4370000000000001	-0.841	-0.517	-0.473	0.0	2
1	3	0	-2.689	0.528	0.157	1.501	0.349	-0.412	-0.49	-0.512	-0.277	0.422	1
1	3	0	-1.693	0.807	-0.038	-0.051	-0.174	-0.3720000000000001	0.117	0.053	-0.611	0.3	0
1	3	0	-2.927	2.202	-0.532	-0.486	-0.519	0.585	0.813	-0.133	-0.475	-0.349	5
1	3	0	-2.555	1.421	-0.8	-0.233	-0.078	0.244	0.7709999999999999	-0.112	-0.7070000000000001	0.165	6
1	3	0	-3.439	2.7110000000000003	1.067	0.029	-1.12	-0.212	0.062	1.44	-0.353	-0.42	3
1	3	0	-4.067	3.908	-0.065	-0.378	-1.163	0.065	0.508	1.003	0.03	-0.187	9
1	3	0	-4.0680000000000005	2.5660000000000003	-0.068	-0.152	0.126	0.5479999999999999	0.453	0.5770000000000001	-0.5429999999999999	-0.8959999999999999	4
1	3	0	-4.314	2.322	0.58	0.279	0.7020000000000001	0.532	-0.068	0.8140000000000001	-0.917	-1.109	10
1	3	0	-3.02	1.033	-0.238	-0.28600000000000003	0.08800000000000001	0.235	0.3720000000000001	0.563	-1.027	-0.151	7
1	3	0	-3.485	-0.86	0.5820000000000001	1.501	0.578	1.48	-0.6629999999999999	-0.602	-0.318	0.575	8
1	3	0	-3.049	0.084	0.981	1.193	0.7609999999999999	0.495	-0.7140000000000001	-0.466	-0.568	-0.149	2
1	3	0	-2.837	0.528	0.241	1.629	0.23	-0.545	-0.643	-0.231	-0.18600000000000005	0.45	1
1	3	0	-1.611	0.831	-0.056	-0.048	-0.044	-0.423	0.289	-0.092	-0.633	0.221	0
1	3	0	-2.939	2.157	-0.451	-0.209	-0.88	0.6970000000000001	0.823	-0.035	-0.7440000000000001	-0.193	5
1	3	0	-2.842	1.3430000000000002	-0.713	0.003	0.126	0.411	0.5379999999999999	-0.077	-0.995	0.092	6
1	3	0	-3.587	3.128	0.885	-0.188	-1.164	-0.215	0.051	1.344	-0.6409999999999999	-0.253	3
1	3	0	-4.222	3.886	0.016	-0.14400000000000002	-1.132	-0.053	0.519	1.024	0.075	-0.226	9
1	3	0	-4.087	2.555	0.123	-0.151	0.118	0.474	0.365	0.495	-0.473	-0.8859999999999999	4
1	3	0	-4.442	2.607	0.596	0.191	0.636	0.679	-0.14	0.774	-0.828	-1.122	10
1	3	0	-2.9760000000000004	1.033	-0.222	-0.099	0.081	0.052000000000000005	0.479	0.517	-1.105	-0.125	7
1	3	0	-3.689	-0.599	0.6920000000000001	1.307	0.605	1.514	-0.752	-0.6970000000000001	-0.355	0.7020000000000001	8
1	3	0	-3.278	0.324	1.047	1.152	0.725	0.168	-0.8390000000000001	-0.381	-0.687	0.013	2
1	3	0	-3.249	1.042	0.589	1.408	0.023	-0.821	-0.581	0.031	0.068	0.325	1
1	3	0	-1.596	0.885	-0.199	0.199	-0.115	-0.474	0.428	-0.113	-0.61	0.131	0
1	3	0	-2.986	2.072	-0.311	-0.083	-0.878	0.449	0.916	0.08199999999999999	-0.905	-0.109	5
1	3	0	-3.003	1.163	-0.45	0.328	0.097	0.574	0.4270000000000001	-0.017	-1.146	-0.06	6
1	3	0	-3.682	3.672	0.041	-0.508	-0.905	0.028	0.4920000000000001	0.654	-0.722	-0.318	3
1	3	0	-4.21	3.869	0.16399999999999998	-0.047	-1.251	-0.102	0.276	0.919	0.091	-0.159	9
1	3	0	-4.129	2.6860000000000004	0.308	-0.125	0.117	0.393	0.199	0.308	-0.478	-0.909	4
1	3	0	-4.497	3.018	0.609	0.115	0.6729999999999999	0.7090000000000001	-0.03	0.861	-0.7040000000000001	-1.038	10
1	3	0	-2.846	1.01	-0.219	-0.083	0.091	0.076	0.442	0.509	-1.181	-0.021	7
1	3	0	-3.693	-0.568	0.727	1.236	0.612	1.5019999999999998	-0.804	-0.763	-0.34600000000000003	0.7879999999999999	8
1	3	0	-3.543	0.624	0.674	1.413	0.653	-0.445	-0.8029999999999999	-0.256	-0.65	0.423	2
1	3	0	-3.293	0.93	0.522	1.48	0.249	-0.6609999999999999	-0.643	-0.094	-0.132	0.198	1
1	3	0	-1.7080000000000002	0.944	-0.14	0.151	-0.092	-0.481	0.22	0.034	-0.6920000000000001	0.19	0
1	3	0	-2.942	2.091	-0.353	-0.364	-0.61	0.401	0.8640000000000001	0.191	-0.764	-0.235	5
1	3	0	-3.253	1.025	-0.28600000000000003	0.713	-0.036000000000000004	0.539	0.476	-0.116	-0.945	-0.108	6
1	3	0	-3.661	3.266	-0.117	-0.237	-0.755	0.092	0.6859999999999999	0.381	-0.58	-0.687	3
1	3	0	-4.216	3.638	0.192	-0.023	-1.231	-0.32	0.128	1.03	0.061	-0.179	9
1	3	0	-4.077	2.542	0.039	0.08199999999999999	0.218	0.393	0.324	0.399	-0.6579999999999999	-0.964	4
1	3	0	-4.544	3.0460000000000003	1.028	-0.016	0.447	0.884	-0.094	0.885	-0.459	-1.099	10
1	3	0	-2.7110000000000003	0.971	-0.023	0.053	0.101	-0.14800000000000002	0.382	0.476	-1.05	-0.256	7
1	4	0	-3.322	-0.303	-0.5	0.963	0.921	0.981	1.0590000000000002	-1.079	-1.004	0.112	8
1	4	0	-3.844	1.056	-0.19	1.685	0.617	1.245	-0.8109999999999999	-0.506	-1.128	0.076	2
1	4	0	-2.665	0.772	-1.009	1.307	0.287	0.855	-0.466	-0.19	-0.721	0.407	1
1	4	0	-2.4930000000000003	1.382	-0.929	0.465	-0.369	0.002	0.187	-0.696	-0.31	0.348	0
1	4	0	-2.905	2.311	-0.6579999999999999	0.022	-1.121	0.25	0.467	0.484	-0.157	-0.6759999999999999	5
1	4	0	-2.685	1.971	-0.857	0.033	-0.638	0.484	0.14300000000000002	0.159	-0.218	-0.343	6
1	4	0	-3.389	2.762	-0.71	-0.026	-0.6409999999999999	0.112	0.775	0.443	-0.11	-0.979	3
1	4	0	-4.243	3.354	-0.415	0.898	-1.027	-0.281	0.5760000000000001	0.48	0.564	-0.085	9
1	4	0	-3.741	2.7	-1.5930000000000002	0.782	-0.298	1.378	0.184	1.4580000000000002	-0.134	-1.297	4
1	4	0	-4.694	3.229	-1.153	0.7020000000000001	0.452	0.298	0.454	0.001	-0.264	-1.399	10
1	4	0	-3.012	1.628	-0.8340000000000001	0.975	-0.299	0.926	0.174	0.836	-0.239	-1.144	7
1	4	0	-3.268	-0.079	-0.693	0.763	1.043	1.194	0.892	-1.293	-1.033	0.199	8
1	4	0	-3.618	0.916	-0.4	1.771	0.6659999999999999	1.535	-0.389	-0.342	-1.279	-0.109	2
1	4	0	-2.693	0.7709999999999999	-0.87	1.341	0.317	0.925	-0.328	-0.16899999999999998	-0.936	0.399	1
1	4	0	-2.515	1.34	-0.84	0.511	-0.4920000000000001	0.098	0.047	-0.68	-0.28300000000000003	0.168	0
1	4	0	-2.882	2.165	-0.589	0.173	-1.165	0.014	0.5710000000000001	0.502	-0.093	-0.616	5
1	4	0	-2.591	1.809	-0.659	-0.016	-0.6729999999999999	0.588	0.084	0.182	-0.094	-0.3720000000000001	6
1	4	0	-3.354	2.85	-0.887	0.01	-0.551	0.293	0.901	0.32	-0.302	-1.023	3
1	4	0	-4.228	3.111	-0.38	1.16	-1.188	-0.362	0.516	0.507	0.669	-0.07400000000000001	9
1	4	0	-3.901	2.485	-0.95	0.7020000000000001	-0.47	1.146	-0.109	1.597	0.146	-1.197	4
1	4	0	-4.708	3.269	-1.121	0.701	0.4370000000000001	0.17600000000000002	0.552	0.004	-0.168	-1.484	10
1	4	0	-3.0	1.524	-0.866	1.015	-0.4	0.861	0.174	0.938	-0.21600000000000005	-1.01	7
1	4	0	-3.347	-0.159	-0.414	0.922	0.973	0.978	0.929	-1.211	-1.268	0.278	8
1	4	0	-3.518	0.716	-0.365	1.788	0.584	1.6780000000000002	-0.109	-0.016	-1.501	0.002	2
1	4	0	-2.875	0.868	-0.728	1.439	0.355	0.846	-0.378	-0.233	-1.072	0.505	1
1	4	0	-2.612	1.403	-0.87	0.47	-0.448	0.172	-0.06	-0.6559999999999999	-0.334	0.087	0
1	4	0	-2.859	2.255	-0.6759999999999999	0.098	-1.086	0.041	0.732	0.305	-0.141	-0.636	5
1	4	0	-2.497	1.692	-0.607	0.02	-0.71	0.612	0.093	0.272	-0.06	-0.507	6
1	4	0	-3.236	2.745	-0.8059999999999999	-0.2	-0.386	0.358	0.889	0.516	-0.297	-1.075	3
1	4	0	-4.188	3.229	-0.456	1.077	-1.385	-0.104	0.459	0.5579999999999999	0.701	-0.32	9
1	4	0	-3.775	2.188	-1.017	0.687	-0.464	1.189	-0.157	1.673	-0.024	-1.144	4
1	4	0	-4.744	3.385	-0.8859999999999999	0.5710000000000001	0.235	0.183	0.35700000000000004	0.04	0.203	-1.68	10
1	4	0	-3.0460000000000003	1.462	-0.823	0.935	-0.44	0.8490000000000001	0.085	0.865	-0.17800000000000002	-0.954	7
1	4	0	-3.594	-0.13699999999999998	-0.028	1.018	1.069	0.723	0.695	-0.982	-1.433	0.249	8
1	4	0	-3.426	0.584	-0.469	1.776	0.5660000000000001	1.686	0.07	0.081	-1.483	-0.141	2
1	4	0	-3.0860000000000003	1.01	-0.627	1.508	0.338	0.747	-0.479	-0.32299999999999995	-1.087	0.645	1
1	4	0	-2.75	1.475	-0.848	0.364	-0.275	0.02	-0.003	-0.782	-0.29100000000000004	0.16699999999999998	0
1	4	0	-2.846	2.43	-0.78	-0.153	-0.905	0.24	0.746	0.14	-0.114	-0.746	5
1	4	0	-2.511	1.511	-0.555	0.226	-0.735	0.631	-0.006	0.52	-0.138	-0.6509999999999999	6
1	4	0	-3.124	2.733	-0.857	-0.334	-0.312	0.5870000000000001	0.8490000000000001	0.475	-0.174	-0.899	3
1	4	0	-4.175	3.32	-0.446	0.988	-1.48	0.133	0.507	0.605	0.691	-0.462	9
1	4	0	-3.777	2.064	-0.983	0.846	-0.373	0.96	-0.04	1.331	0.247	-1.09	4
1	4	0	-4.788	3.632	-0.71	0.3	0.366	-0.121	0.403	-0.016	0.124	-1.32	10
1	4	0	-3.006	1.4069999999999998	-0.875	0.945	-0.495	0.721	0.212	0.75	-0.037000000000000005	-1.054	7
1	4	0	-3.781	-0.011	0.102	1.115	1.036	0.6509999999999999	0.615	-1.082	-1.272	0.05	8
1	4	0	-3.394	0.557	-0.573	1.704	0.608	1.644	0.109	0.2	-1.507	-0.225	2
1	4	0	-3.091	0.935	-0.574	1.36	0.416	0.764	-0.48	-0.14400000000000002	-1.295	0.696	1
1	4	0	-2.85	1.446	-0.792	0.482	-0.365	0.046	-0.029	-0.7609999999999999	-0.251	0.113	0
1	4	0	-2.884	2.424	-0.764	-0.108	-1.015	0.361	0.7120000000000001	0.133	-0.017	-0.847	5
1	4	0	-2.656	1.263	-0.527	0.464	-0.612	0.6679999999999999	-0.16	0.857	-0.416	-0.596	6
1	4	0	-3.2460000000000004	2.7960000000000003	-0.867	-0.205	-0.316	0.8079999999999999	0.8240000000000001	0.062	-0.118	-0.7490000000000001	3
1	4	0	-4.172	3.188	-0.375	1.028	-1.41	0.008	0.513	0.635	0.802	-0.28	9
1	4	0	-3.862	1.801	-0.7170000000000001	1.133	-0.23	0.922	-0.223	1.264	0.194	-0.935	4
1	4	0	-4.836	3.871	-0.684	0.182	0.349	-0.17600000000000002	0.317	0.059	-0.024	-1.13	10
1	4	0	-2.9730000000000003	1.304	-0.8490000000000001	0.984	-0.508	0.59	0.248	0.728	0.073	-1.107	7
1	4	0	-3.858	0.115	0.05	1.17	0.975	0.703	0.585	-1.1909999999999998	-1.172	-0.076	8
1	4	0	-3.404	0.506	-0.591	1.6269999999999998	0.66	1.456	0.068	0.381	-1.494	-0.453	2
1	4	0	-2.952	0.777	-0.74	1.311	0.424	0.853	-0.319	-0.08199999999999999	-1.456	0.616	1
1	4	0	-3.005	1.472	-0.716	0.535	-0.392	0.054000000000000006	-0.054000000000000006	-0.6859999999999999	-0.29	0.153	0
1	4	0	-2.898	2.421	-0.81	-0.043	-1.164	0.448	0.69	0.218	-0.078	-0.8759999999999999	5
1	4	0	-2.906	1.102	-0.491	0.575	-0.386	0.7709999999999999	-0.134	0.977	-0.54	-0.604	6
1	4	0	-3.462	2.648	-0.447	0.0	-0.416	0.767	0.569	-0.07200000000000001	-0.08	-0.7979999999999999	3
1	4	0	-4.0760000000000005	3.3360000000000003	-0.688	0.677	-1.472	0.461	0.682	0.7240000000000001	0.7170000000000001	-0.409	9
1	4	0	-3.846	1.426	-0.607	1.4340000000000002	-0.07200000000000001	1.13	-0.535	1.159	-0.123	-0.385	4
1	4	0	-4.885	3.967	-0.948	0.373	0.255	-0.121	0.43	-0.013	0.018000000000000002	-1.518	10
1	4	0	-2.98	1.29	-0.8420000000000001	0.955	-0.491	0.5720000000000001	0.267	0.6920000000000001	0.084	-1.1	7
1	8	0	-3.208	-0.608	-0.516	1.098	1.529	1.069	0.18600000000000005	-0.947	-0.248	-0.059	8
1	8	0	-2.569	-0.11	-0.841	0.732	1.112	0.961	-0.075	0.14800000000000002	-0.893	0.314	2
1	8	0	-2.21	0.6609999999999999	-0.581	1.139	0.238	0.07400000000000001	-0.625	-0.366	-0.326	0.557	1
1	8	0	-1.885	2.214	-0.6729999999999999	0.147	-0.14800000000000002	-0.4	0.252	-0.098	-0.8740000000000001	0.245	0
1	8	0	-2.488	2.822	-0.239	-0.33	-1.355	0.284	0.101	0.934	-0.966	-0.31	5
1	8	0	-2.335	2.8960000000000004	-0.295	-0.42	-0.645	0.35100000000000003	0.12	0.447	-1.126	0.11	6
1	8	0	-2.715	2.325	0.701	0.239	-1.426	-0.218	-0.317	1.516	-0.162	-0.703	3
1	8	0	-4.21	3.289	-0.106	-1.247	-0.6829999999999999	0.539	0.579	0.8320000000000001	-0.035	-0.764	9
1	8	0	-3.984	2.29	-0.103	-0.7070000000000001	0.297	0.317	0.857	1.403	-1.253	-0.298	4
1	8	0	-4.964	2.78	0.474	0.047	0.417	-0.328	0.334	0.474	-1.26	-0.221	10
1	8	0	-2.528	1.288	-0.14400000000000002	-0.171	-0.077	0.26	-0.045	0.6809999999999999	-1.399	-0.066	7
1	8	0	-3.431	-0.5	-0.362	1.173	1.59	0.956	0.162	-0.853	-0.364	0.084	8
1	8	0	-2.659	-0.101	-0.687	0.6970000000000001	1.081	1.045	-0.149	0.184	-0.927	0.327	2
1	8	0	-2.103	0.655	-0.84	1.195	0.377	0.135	-0.504	-0.5489999999999999	-0.404	0.602	1
1	8	0	-1.926	2.172	-0.5710000000000001	0.257	-0.159	-0.493	0.27	-0.153	-0.6729999999999999	-0.005	0
1	8	0	-2.512	2.826	-0.171	-0.385	-1.495	0.381	0.067	0.899	-0.902	-0.412	5
1	8	0	-2.353	2.897	-0.433	-0.193	-0.715	0.359	0.26	0.273	-1.206	0.36	6
1	8	0	-2.708	2.396	0.728	0.336	-1.4369999999999998	-0.344	-0.411	1.469	-0.022	-0.7170000000000001	3
1	8	0	-4.341	3.514	-0.453	-1.047	-0.469	0.51	0.618	0.8009999999999999	-0.399	-0.777	9
1	8	0	-4.045	2.193	0.2	-0.745	0.215	0.387	0.625	1.477	-1.207	-0.27	4
1	8	0	-5.02	2.551	0.562	-0.136	0.531	-0.064	0.373	0.631	-1.4069999999999998	-0.267	10
1	8	0	-2.665	1.633	-0.384	-0.111	-0.001	0.234	0.033	0.478	-1.558	0.219	7
1	8	0	-3.5860000000000003	-0.38	-0.359	1.307	1.587	0.99	0.18	-0.831	-0.471	0.198	8
1	8	0	-2.889	-0.039	-0.494	0.7190000000000001	1.104	1.003	-0.415	0.097	-0.855	0.35600000000000004	2
1	8	0	-2.282	0.6729999999999999	-0.7979999999999999	1.286	0.308	0.01	-0.411	-0.61	-0.266	0.584	1
1	8	0	-1.985	2.161	-0.601	0.424	-0.295	-0.489	0.208	-0.21600000000000005	-0.562	0.079	0
1	8	0	-2.563	2.829	-0.28300000000000003	-0.368	-1.5930000000000002	0.408	0.121	0.933	-0.946	-0.35600000000000004	5
1	8	0	-2.415	2.517	-0.285	0.085	-0.902	0.28300000000000003	0.302	0.247	-1.207	0.371	6
1	8	0	-2.776	2.563	0.532	0.277	-1.47	-0.368	-0.278	1.479	-0.16399999999999998	-0.797	3
1	8	0	-4.384	3.721	-0.905	-0.965	-0.16	0.498	0.809	0.66	-0.613	-0.831	9
1	8	0	-4.107	2.17	0.206	-0.8109999999999999	0.334	0.633	0.402	1.097	-1.327	-0.04	4
1	8	0	-5.069	2.119	0.826	-0.274	0.5760000000000001	0.145	0.308	1.001	-1.412	-0.306	10
1	8	0	-2.812	1.954	-0.6609999999999999	0.109	-0.011	0.11	0.187	0.096	-1.538	0.5920000000000001	7
1	8	0	-3.76	-0.32	-0.24	1.273	1.751	1.125	0.23	-0.723	-0.501	0.315	8
1	8	0	-3.152	0.086	-0.325	0.868	1.084	0.753	-0.522	-0.005	-0.821	0.483	2
1	8	0	-2.5580000000000003	0.755	-0.66	1.366	0.038	-0.011	-0.443	-0.531	-0.062	0.418	1
1	8	0	-2.01	2.164	-0.626	0.389	-0.24	-0.441	0.103	-0.27	-0.647	0.165	0
1	8	0	-2.6010000000000004	2.735	-0.322	-0.255	-1.67	0.229	0.202	1.01	-0.871	-0.461	5
1	8	0	-2.521	2.271	-0.277	0.27	-0.909	0.274	0.348	-0.028	-1.177	0.4320000000000001	6
1	8	0	-2.922	2.6210000000000004	0.214	0.122	-1.477	-0.173	0.045	1.38	-0.635	-0.757	3
1	8	0	-4.417	3.765	-1.225	-0.853	0.041	0.536	0.885	0.5329999999999999	-0.757	-0.789	9
1	8	0	-4.07	2.254	-0.28	-0.722	0.696	0.6829999999999999	0.243	0.6890000000000001	-1.45	0.19	4
1	8	0	-5.08	2.241	0.971	-0.374	0.501	0.226	0.14400000000000002	0.851	-1.319	-0.3	10
1	8	0	-2.93	2.014	-0.7	0.206	-0.08800000000000001	0.153	0.142	-0.031	-1.4369999999999998	0.615	7
1	8	0	-4.247	-0.034	0.248	1.372	1.831	1.167	0.087	-0.518	-0.316	0.34700000000000003	8
1	8	0	-3.1830000000000003	0.154	-0.413	0.923	1.091	0.5820000000000001	-0.447	-0.085	-0.904	0.693	2
1	8	0	-2.514	0.5579999999999999	-0.777	1.2990000000000002	0.027000000000000003	0.247	-0.487	-0.653	-0.028	0.481	1
1	8	0	-2.041	2.119	-0.585	0.5489999999999999	-0.43	-0.29100000000000004	-0.002	-0.234	-0.7509999999999999	0.253	0
1	8	0	-2.64	2.704	-0.345	-0.23	-1.649	0.064	0.275	0.952	-0.6509999999999999	-0.5710000000000001	5
1	8	0	-2.729	2.104	-0.505	0.138	-0.5329999999999999	0.455	0.14800000000000002	-0.407	-1.0590000000000002	0.625	6
1	8	0	-3.025	2.7110000000000003	-0.147	-0.034	-1.34	0.049	0.364	1.099	-1.02	-0.652	3
1	8	0	-4.415	3.737	-1.3130000000000002	-0.815	0.168	0.59	0.975	0.42	-0.825	-0.748	9
1	8	0	-4.0360000000000005	2.141	-0.355	-0.602	0.8370000000000001	0.6629999999999999	-0.013	0.507	-1.412	0.21	4
1	8	0	-5.158	2.488	1.064	-0.343	0.35200000000000004	0.18	-0.05	0.8170000000000001	-1.308	-0.249	10
1	8	0	-2.907	1.992	-0.904	0.205	0.011	0.34600000000000003	-0.031	-0.14800000000000002	-1.262	0.487	7
1	8	0	-4.687	0.406	0.889	1.464	1.618	1.021	-0.121	-0.398	-0.307	0.293	8
1	8	0	-3.096	0.103	-0.452	0.879	1.067	0.4970000000000001	-0.29600000000000004	-0.067	-0.973	0.711	2
1	8	0	-2.452	0.279	-0.805	1.141	0.239	0.17600000000000002	-0.104	-0.752	-0.334	0.731	1
1	8	0	-2.081	2.043	-0.521	0.578	-0.463	-0.246	-0.041	-0.162	-0.8140000000000001	0.425	0
1	8	0	-2.658	2.739	-0.382	-0.31	-1.64	0.081	0.276	0.884	-0.535	-0.5479999999999999	5
1	8	0	-2.982	2.001	-0.915	0.188	0.035	0.467	-0.13	-0.6890000000000001	-0.684	0.664	6
1	8	0	-3.0980000000000003	2.525	-0.316	-0.322	-1.082	0.285	0.445	0.847	-0.951	-0.7070000000000001	3
1	8	0	-4.4030000000000005	3.602	-0.945	-0.934	0.041	0.409	1.003	0.47	-0.477	-0.621	9
1	8	0	-4.2	2.201	-0.31	-0.392	0.968	0.7	-0.328	0.129	-0.8959999999999999	0.15	4
1	8	0	-5.211	2.544	0.82	-0.333	0.447	0.226	0.127	0.89	-1.389	-0.304	10
1	8	0	-2.752	1.778	-0.718	0.057	-0.009000000000000001	0.402	0.121	0.05	-1.435	0.281	7
1	10	0	-5.058	2.236	1.381	1.885	-0.259	-0.483	-0.562	0.123	-0.063	0.6629999999999999	8
1	10	0	-4.181	1.646	0.736	1.286	0.7240000000000001	-0.511	-1.126	-0.45	-0.648	0.995	2
1	10	0	-3.753	0.828	-0.042	1.406	0.209	-0.53	-0.52	-0.4	-0.386	1.07	1
1	10	0	-3.494	1.207	-0.607	0.242	-0.43	0.131	0.236	0.545	-0.593	0.6779999999999999	0
1	10	0	-2.813	2.327	-1.246	-0.184	-0.755	0.491	1.202	-0.5579999999999999	-0.669	0.054000000000000006	5
1	10	0	-3.133	1.983	-1.398	0.254	-0.667	0.532	0.389	-0.17800000000000002	-0.584	0.8440000000000001	6
1	10	0	-3.749	3.018	-0.755	-0.452	-0.6659999999999999	0.209	0.741	0.9	-1.6130000000000002	0.128	3
1	10	0	-4.373	4.643	-0.792	-1.332	-0.202	0.597	0.192	1.133	-1.131	-0.28	9
1	10	0	-4.468	4.121	-0.42	-1.197	0.338	0.6	-0.11	0.314	-1.248	-0.012	4
1	10	0	-4.902	4.49	-0.564	-0.536	-0.16399999999999998	-0.298	0.8420000000000001	-0.158	-0.906	0.358	10
1	10	0	-4.125	2.3	-0.16699999999999998	-0.27	0.103	0.32	-0.467	-0.254	-0.415	0.863	7
1	10	0	-5.124	2.319	1.413	1.804	-0.277	-0.33	-0.746	0.221	0.06	0.46	8
1	10	0	-4.393	2.137	0.57	1.3969999999999998	0.293	-0.836	-0.966	-0.461	-0.277	1.1840000000000002	2
1	10	0	-3.961	1.078	0.11	1.232	0.21	-0.67	-0.536	-0.33	-0.268	1.098	1
1	10	0	-3.654	1.222	-0.574	0.248	-0.299	0.158	0.154	0.5529999999999999	-0.58	0.617	0
1	10	0	-3.0010000000000003	2.263	-1.178	-0.116	-0.922	0.536	1.286	-0.506	-0.5660000000000001	-0.102	5
1	10	0	-3.417	1.984	-1.148	0.234	-0.778	0.411	0.494	0.13	-0.7040000000000001	0.764	6
1	10	0	-3.887	3.172	-0.7390000000000001	-0.69	-0.5479999999999999	0.33	0.569	0.98	-1.609	0.28300000000000003	3
1	10	0	-4.474	4.569	-1.069	-1.409	0.13699999999999998	1.0490000000000002	0.071	0.877	-1.355	-0.16699999999999998	9
1	10	0	-4.471	4.096	-0.809	-0.8809999999999999	0.6459999999999999	0.539	0.04	0.142	-1.555	-0.023	4
1	10	0	-4.947	4.637	-0.444	-0.953	-0.119	-0.249	0.594	0.27	-0.7829999999999999	0.265	10
1	10	0	-4.173	2.299	-0.298	-0.13	0.122	0.319	-0.388	-0.328	-0.48	0.99	7
1	10	0	-5.131	2.192	1.364	1.936	-0.591	-0.354	-0.677	0.15	0.17800000000000002	0.38	8
1	10	0	-4.395	1.864	0.503	1.7180000000000002	0.241	-0.8170000000000001	-0.672	-0.687	-0.449	1.396	2
1	10	0	-4.058	1.072	0.157	1.136	0.385	-0.687	-0.583	-0.185	-0.3	1.177	1
1	10	0	-3.631	1.195	-0.7190000000000001	0.13	-0.065	0.348	-0.061	0.555	-0.594	0.8059999999999999	0
1	10	0	-3.434	2.26	-1.065	-0.122	-0.795	0.363	1.403	-0.507	-0.375	0.015	5
1	10	0	-3.765	1.97	-0.955	0.304	-0.735	0.41	0.38	0.146	-0.536	0.738	6
1	10	0	-3.975	3.0660000000000003	-0.506	-0.8270000000000001	-0.478	0.434	0.35600000000000004	0.939	-1.3090000000000002	0.204	3
1	10	0	-4.497	4.5	-1.446	-1.127	0.443	0.986	0.136	0.597	-1.087	-0.073	9
1	10	0	-4.475	4.064	-0.927	-0.6779999999999999	0.599	0.445	0.224	0.103	-1.336	-0.192	4
1	10	0	-5.011	4.976	-0.868	-1.215	0.17	-0.018000000000000002	0.5429999999999999	0.154	-0.841	0.7070000000000001	10
1	10	0	-4.151	2.069	-0.605	0.111	0.41	0.354	-0.284	-0.381	-0.507	0.737	7
1	10	0	-5.125	2.077	1.283	2.003	-0.7340000000000001	-0.513	-0.557	0.055	0.295	0.269	8
1	10	0	-4.316	1.409	0.441	1.819	0.5	-0.617	-0.633	-0.621	-0.6709999999999999	1.193	2
1	10	0	-4.149	1.129	-0.008	1.215	0.39	-0.474	-0.4	-0.343	-0.344	0.8859999999999999	1
1	10	0	-3.5810000000000004	1.188	-0.958	0.189	-0.077	0.451	0.049	0.449	-0.6759999999999999	0.919	0
1	10	0	-3.828	2.367	-0.836	-0.343	-0.466	0.116	1.172	-0.175	-0.275	0.117	5
1	10	0	-3.82	1.705	-1.13	0.45	-0.471	0.665	0.298	-0.175	-0.473	0.848	6
1	10	0	-3.949	2.99	-0.643	-0.986	-0.175	0.768	0.249	0.8029999999999999	-1.479	0.168	3
1	10	0	-4.471	4.461	-1.887	-0.799	0.7190000000000001	0.938	0.239	0.342	-1.036	-0.06	9
1	10	0	-4.58	4.1160000000000005	-0.753	-0.8490000000000001	0.516	0.498	0.117	0.181	-1.256	-0.119	4
1	10	0	-5.049	4.846	-0.6779999999999999	-0.877	-0.09	0.005	0.253	-0.078	-0.17800000000000002	0.131	10
1	10	0	-4.115	1.856	-0.738	0.132	0.6579999999999999	0.329	-0.252	-0.123	-0.53	0.456	7
1	10	0	-5.143	2.051	1.216	1.898	-0.555	-0.466	-0.8420000000000001	0.011	0.461	0.193	8
1	10	0	-4.4030000000000005	1.409	0.551	1.496	0.6729999999999999	-0.616	-0.787	-0.382	-0.696	1.139	2
1	10	0	-4.316	1.272	-0.087	1.285	0.126	-0.128	-0.28600000000000003	-0.463	-0.294	0.691	1
1	10	0	-3.622	1.111	-0.972	0.399	-0.402	0.527	0.271	0.373	-0.716	0.943	0
1	10	0	-3.85	2.28	-1.055	-0.335	-0.16399999999999998	0.41	0.913	-0.391	-0.338	0.26	5
1	10	0	-3.962	1.724	-1.29	0.531	-0.17	0.528	0.282	-0.149	-0.603	1.139	6
1	10	0	-3.894	2.91	-0.968	-0.6709999999999999	-0.131	0.519	0.591	0.708	-1.515	0.121	3
1	10	0	-4.4689999999999985	4.348	-1.74	-0.8859999999999999	0.447	0.883	0.374	0.5770000000000001	-0.908	-0.08900000000000001	9
1	10	0	-4.6610000000000005	4.235	-0.4970000000000001	-1.021	0.295	0.457	-0.019	0.345	-1.355	0.062	4
1	10	0	-5.04	5.074	-1.721	-0.264	0.279	0.17600000000000002	0.003	-0.609	-0.177	0.422	10
1	10	0	-4.169	1.7990000000000002	-0.621	0.025	0.706	0.362	-0.343	-0.049	-0.339	0.22	7
1	10	0	-5.105	1.968	1.14	1.719	-0.443	-0.4320000000000001	-0.969	-0.173	0.551	0.17600000000000002	8
1	10	0	-4.544	1.672	0.643	1.281	0.504	-0.8029999999999999	-0.7090000000000001	-0.229	-0.546	1.058	2
1	10	0	-4.426	1.167	0.008	1.315	0.189	-0.297	-0.124	-0.244	-0.423	0.684	1
1	10	0	-3.622	0.988	-1.108	0.685	-0.693	0.754	0.442	0.166	-0.458	0.738	0
1	10	0	-3.597	2.146	-1.492	-0.142	-0.297	0.815	0.87	-0.49	-0.471	0.41	5
1	10	0	-4.122	1.735	-1.34	0.615	0.03	0.353	0.345	-0.104	-0.54	0.988	6
1	10	0	-4.065	2.8760000000000003	-0.856	-0.221	-0.5329999999999999	0.232	0.855	0.633	-1.452	0.272	3
1	10	0	-4.513	4.265	-1.477	-1.09	0.215	0.8290000000000001	0.342	0.693	-0.601	-0.056	9
1	10	0	-4.651	4.246	-0.823	-0.831	0.6659999999999999	0.546	-0.3	0.094	-1.3430000000000002	0.185	4
1	10	0	-5.034	4.993	-1.633	-0.285	0.398	0.181	-0.211	-0.508	-0.28300000000000003	0.304	10
1	10	0	-4.261	1.827	-0.482	-0.194	0.731	0.354	-0.478	0.05	-0.112	0.321	7
0	6	1	-1.149	-0.904	-1.988	0.7390000000000001	-0.06	1.206	0.8640000000000001	1.196	-0.3	-0.467	8
0	6	1	-2.613	-0.092	-0.54	0.484	0.389	1.741	0.198	0.257	-0.375	-0.604	2
0	6	1	-2.505	0.632	-0.593	0.304	0.496	0.8240000000000001	-0.162	0.181	-0.363	-0.764	1
0	6	1	-1.768	1.769	-1.142	-0.7390000000000001	-0.086	0.12	-0.23	0.217	-0.009000000000000001	-0.279	0
0	6	1	-2.6710000000000003	3.155	-0.514	0.133	-0.964	0.234	-0.071	1.192	0.254	-0.471	5
0	6	1	-2.509	1.3259999999999998	0.354	0.6629999999999999	-0.7240000000000001	0.418	-0.496	0.713	0.638	-0.204	6
0	6	1	-2.764	1.111	0.727	1.54	-0.855	0.261	-1.11	0.227	0.42	0.991	3
0	6	1	-3.816	3.426	0.224	-0.384	-1.733	0.434	-0.322	1.3330000000000002	0.653	0.5770000000000001	9
0	6	1	-3.839	1.248	0.83	0.982	-1.11	0.617	-0.7509999999999999	0.084	0.309	1.125	4
0	6	1	-4.982	1.538	0.96	1.253	-0.64	0.588	-0.484	-0.31	-0.246	1.18	10
0	6	1	-2.895	0.682	-0.151	0.218	-0.6890000000000001	1.118	-0.264	0.922	0.757	0.327	7
0	6	1	-1.093	-0.922	-2.091	0.8440000000000001	0.009000000000000001	1.247	0.8909999999999999	1.453	-0.08900000000000001	-0.4	8
0	6	1	-2.499	0.119	-0.82	0.34600000000000003	0.34700000000000003	1.696	0.245	0.6890000000000001	-0.084	-0.596	2
0	6	1	-2.633	0.672	-0.3720000000000001	0.439	0.4370000000000001	0.907	-0.402	-0.04	-0.366	-0.741	1
0	6	1	-1.707	1.652	-1.012	-0.622	-0.293	0.279	-0.276	0.477	0.05	-0.2	0
0	6	1	-2.696	3.129	-0.52	0.294	-0.989	0.019	-0.066	1.106	0.361	-0.396	5
0	6	1	-2.592	1.617	0.267	0.38	-0.777	0.487	-0.206	0.733	0.5920000000000001	-0.403	6
0	6	1	-2.733	1.088	0.7609999999999999	1.694	-0.833	0.292	-1.069	0.266	0.369	1.034	3
0	6	1	-3.835	3.339	0.29	-0.126	-1.68	0.195	-0.368	1.328	0.523	0.861	9
0	6	1	-3.915	2.158	0.7809999999999999	0.643	-1.023	0.598	-0.718	0.274	0.376	0.77	4
0	6	1	-4.848	1.115	0.932	1.615	-0.589	0.5920000000000001	-0.446	-0.366	-0.447	1.294	10
0	6	1	-2.982	0.522	-0.1	0.362	-0.66	1.115	-0.305	0.8590000000000001	0.637	0.344	7
0	6	1	-1.784	-1.074	-1.661	1.324	0.289	1.3030000000000002	0.924	1.307	-0.34600000000000003	-0.521	8
0	6	1	-1.89	0.207	-1.161	0.027000000000000003	-0.047	1.581	0.277	1.129	0.366	-0.25	2
0	6	1	-2.677	0.486	-0.061	0.517	0.222	1.102	-0.425	-0.096	-0.373	-0.484	1
0	6	1	-1.716	1.186	-0.809	-0.515	-0.35	0.29	-0.404	0.6779999999999999	0.172	-0.212	0
0	6	1	-2.769	2.906	-0.194	0.349	-0.958	0.08900000000000001	-0.245	1.004	0.6	-0.336	5
0	6	1	-2.625	1.551	0.298	0.324	-1.05	0.746	0.067	0.603	0.342	-0.413	6
0	6	1	-2.632	0.8809999999999999	0.71	1.8	-0.75	0.33	-1.128	0.177	0.339	1.166	3
0	6	1	-3.888	3.085	0.436	0.142	-1.526	-0.052000000000000005	-0.503	1.085	0.511	0.976	9
0	6	1	-3.824	1.832	1.093	1.024	-1.09	0.56	-0.336	0.299	0.126	1.005	4
0	6	1	-4.813	1.042	0.887	1.661	-0.534	0.747	-0.513	-0.448	-0.412	1.214	10
0	6	1	-2.971	0.463	-0.195	0.32299999999999995	-0.625	0.941	-0.327	0.78	0.552	0.436	7
0	6	1	-2.698	-1.027	-0.94	1.796	0.392	1.33	0.866	0.7809999999999999	-0.838	-0.6629999999999999	8
0	6	1	-1.358	0.136	-1.082	-0.14800000000000002	-0.609	1.464	0.14400000000000002	1.149	0.481	0.119	2
0	6	1	-2.594	0.621	-0.292	0.521	0.26	1.204	-0.337	0.261	-0.332	-0.51	1
0	6	1	-1.793	0.925	-0.7390000000000001	-0.396	-0.211	0.329	-0.403	0.604	0.197	-0.251	0
0	6	1	-2.92	2.697	-0.116	0.451	-0.8590000000000001	-0.035	-0.307	0.8740000000000001	0.622	-0.301	5
0	6	1	-2.696	1.26	0.436	0.657	-1.161	0.805	0.062	0.575	0.182	-0.334	6
0	6	1	-2.484	0.5589999999999999	0.624	1.951	-0.6459999999999999	0.381	-1.106	0.036000000000000004	0.24	1.291	3
0	6	1	-3.989	3.049	0.304	0.209	-1.26	-0.205	-0.735	0.862	0.551	1.114	9
0	6	1	-3.776	1.7519999999999998	0.92	0.722	-1.164	0.774	-0.01	0.657	0.248	1.055	4
0	6	1	-4.717	0.8290000000000001	0.853	1.98	-0.546	0.688	-0.434	-0.424	-0.636	1.245	10
0	6	1	-3.108	0.926	-0.389	0.249	-0.461	0.816	-0.226	0.818	0.387	0.303	7
0	6	1	-3.366	-0.826	-0.405	1.643	0.603	1.226	0.524	0.293	-0.858	-0.6679999999999999	8
0	6	1	-1.53	0.029	-0.925	0.054000000000000006	-0.565	1.5930000000000002	0.123	1.117	0.338	0.026	2
0	6	1	-1.817	0.5589999999999999	-0.8009999999999999	0.234	0.011	1.215	-0.161	0.809	0.018000000000000002	-0.382	1
0	6	1	-1.969	0.835	-0.6709999999999999	-0.27	0.028	0.4	-0.444	0.53	0.061	-0.343	0
0	6	1	-3.0380000000000003	2.475	0.024	0.508	-0.737	-0.102	-0.358	0.706	0.6	-0.209	5
0	6	1	-2.889	1.418	0.409	0.61	-1.018	0.992	0.005	0.518	-0.027000000000000003	-0.326	6
0	6	1	-2.71	0.809	0.754	1.903	-0.764	0.378	-1.123	0.162	0.405	1.163	3
0	6	1	-3.992	3.342	0.16699999999999998	0.086	-1.23	-0.21600000000000005	-0.8240000000000001	0.8370000000000001	0.521	0.978	9
0	6	1	-3.81	1.91	0.527	0.478	-0.972	0.945	-0.28	0.7190000000000001	0.482	0.8290000000000001	4
0	6	1	-4.683	0.773	0.888	2.302	-0.562	0.395	-0.401	-0.289	-0.8390000000000001	1.165	10
0	6	1	-3.375	1.779	-0.8220000000000001	0.382	-0.019	0.845	0.123	0.767	0.223	-0.337	7
0	6	1	-3.312	-0.7759999999999999	-0.504	1.39	0.86	1.257	0.222	0.314	-0.715	-0.765	8
0	6	1	-2.073	0.08800000000000001	-0.73	0.29600000000000004	-0.28600000000000003	1.75	0.154	1.078	0.294	-0.174	2
0	6	1	-1.222	0.491	-0.716	0.004	-0.32299999999999995	1.108	-0.14800000000000002	0.773	0.387	-0.073	1
0	6	1	-2.295	0.883	-0.619	-0.041	0.14300000000000002	0.378	-0.602	0.335	-0.114	-0.391	0
0	6	1	-2.968	2.149	0.13	0.6759999999999999	-0.79	0.112	-0.507	0.762	0.625	-0.272	5
0	6	1	-2.784	1.43	0.145	0.309	-0.931	1.342	0.017	0.589	-0.044	-0.273	6
0	6	1	-3.073	1.5319999999999998	0.949	1.541	-1.058	0.272	-0.961	0.449	0.619	0.969	3
0	6	1	-3.958	4.132	-0.07400000000000001	-0.19	-1.1840000000000002	-0.11	-0.679	1.198	0.442	0.563	9
0	6	1	-3.947	2.102	0.305	0.462	-0.765	1.037	-0.618	0.741	0.345	0.269	4
0	6	1	-4.756	0.965	0.959	2.287	-0.527	0.454	-0.41	-0.362	-0.862	1.088	10
0	6	1	-3.366	1.952	-0.898	0.258	0.282	0.835	0.29	0.6809999999999999	0.431	-0.461	7
0	7	1	-3.137	0.077	-1.157	1.589	0.204	1.898	0.17	0.6759999999999999	-1.033	-0.635	8
0	7	1	-3.262	0.956	-0.7909999999999999	1.528	-0.021	0.977	-0.121	0.499	-0.99	-0.621	2
0	7	1	-2.045	0.8190000000000001	-1.46	0.652	-0.701	0.35200000000000004	-0.087	0.7929999999999999	-0.5670000000000001	-0.013	1
0	7	1	-1.993	1.725	-1.13	0.556	-1.223	0.485	0.211	-0.04	-0.294	-0.5479999999999999	0
0	7	1	-2.765	2.817	-2.02	0.213	-0.772	0.852	0.252	-0.193	-0.202	-0.093	5
0	7	1	-2.55	2.391	-1.137	0.09	-0.948	0.217	0.051	0.723	-0.5579999999999999	-0.204	6
0	7	1	-3.297	2.88	-0.8590000000000001	-0.301	-1.02	0.7979999999999999	0.28800000000000003	0.855	-0.528	-0.662	3
0	7	1	-4.047	3.899	-0.423	0.147	-1.273	0.203	0.317	0.531	0.584	-0.11	9
0	7	1	-4.101	2.84	-0.802	0.062	-0.733	1.304	-0.145	0.443	0.049	-0.611	4
0	7	1	-4.6930000000000005	3.1460000000000004	-0.136	0.5870000000000001	-0.731	1.055	-0.104	-0.021	0.637	-0.192	10
0	7	1	-3.73	1.872	-0.8009999999999999	0.555	-0.4270000000000001	0.7909999999999999	0.196	0.65	-0.7440000000000001	-0.3720000000000001	7
0	7	1	-3.019	0.058	-1.265	1.497	0.171	1.997	0.17800000000000002	0.847	-1.16	-0.5479999999999999	8
0	7	1	-3.339	1.004	-0.747	1.505	-0.068	1.007	-0.017	0.377	-0.775	-0.899	2
0	7	1	-2.008	0.785	-1.489	0.654	-0.685	0.313	-0.085	0.856	-0.516	-0.053	1
0	7	1	-1.951	1.6840000000000002	-1.039	0.586	-1.166	0.345	0.33	-0.108	-0.198	-0.609	0
0	7	1	-2.785	2.792	-1.924	0.225	-0.985	1.0759999999999998	0.07	-0.071	-0.257	-0.135	5
0	7	1	-2.5380000000000003	2.351	-1.029	0.146	-0.922	0.201	-0.058	0.835	-0.7120000000000001	-0.07400000000000001	6
0	7	1	-3.2310000000000003	3.003	-1.161	-0.315	-0.816	0.87	0.311	0.677	-0.565	-0.7	3
0	7	1	-4.033	4.0710000000000015	-0.586	0.127	-1.4469999999999998	0.62	0.197	0.711	0.48	-0.306	9
0	7	1	-4.13	3.105	-1.141	0.183	-0.498	1.324	-0.399	0.675	-0.339	-0.6940000000000001	4
0	7	1	-4.718	3.281	-0.203	0.6509999999999999	-0.883	1.413	-0.6629999999999999	0.583	0.237	-0.307	10
0	7	1	-3.7	1.841	-0.675	0.441	-0.383	0.89	0.17600000000000002	0.594	-0.677	-0.408	7
0	7	1	-2.9730000000000003	0.036000000000000004	-1.273	1.519	0.195	1.98	0.131	0.8320000000000001	-1.157	-0.547	8
0	7	1	-3.485	1.092	-0.674	1.395	-0.027000000000000003	1.039	-0.047	0.384	-0.7609999999999999	-0.934	2
0	7	1	-1.929	0.777	-1.415	0.598	-0.579	0.215	-0.061	0.733	-0.333	-0.235	1
0	7	1	-1.928	1.578	-0.997	0.672	-1.287	0.381	0.249	0.006	-0.16699999999999998	-0.637	0
0	7	1	-2.823	2.7430000000000003	-2.012	0.234	-0.919	1.103	0.091	-0.177	-0.14300000000000002	-0.09	5
0	7	1	-2.521	2.283	-0.954	0.232	-0.918	0.253	-0.094	0.833	-0.7040000000000001	-0.092	6
0	7	1	-3.173	3.1660000000000004	-1.501	-0.37	-0.4370000000000001	0.974	0.179	0.556	-0.794	-0.5489999999999999	3
0	7	1	-4.049	4.039	-0.5579999999999999	0.064	-1.676	1.024	0.047	1.024	-0.091	-0.28300000000000003	9
0	7	1	-4.13	3.2910000000000004	-1.4240000000000002	0.359	-0.273	1.297	-0.454	0.62	-0.527	-0.7090000000000001	4
0	7	1	-4.753	3.4210000000000003	-0.189	0.6559999999999999	-0.984	1.443	-0.652	0.546	0.123	-0.326	10
0	7	1	-3.725	1.904	-0.737	0.433	-0.369	1.047	0.12	0.425	-0.6779999999999999	-0.391	7
0	7	1	-3.0	0.042	-1.238	1.529	0.187	2.028	0.104	0.759	-1.18	-0.634	8
0	7	1	-3.587	1.193	-0.617	1.34	-0.022	1.103	-0.07200000000000001	0.368	-0.8540000000000001	-0.767	2
0	7	1	-1.895	0.755	-1.388	0.638	-0.614	0.246	-0.033	0.693	-0.27	-0.34600000000000003	1
0	7	1	-1.925	1.517	-0.999	0.634	-1.27	0.207	0.385	0.004	-0.141	-0.624	0
0	7	1	-2.797	2.7060000000000004	-1.936	0.147	-0.921	1.24	-0.08199999999999999	-0.006	-0.214	-0.064	5
0	7	1	-2.5610000000000004	2.191	-0.955	0.214	-0.841	0.386	-0.083	0.74	-0.612	-0.196	6
0	7	1	-3.152	3.176	-1.5730000000000002	-0.204	-0.485	0.723	0.308	0.652	-0.872	-0.586	3
0	7	1	-4.064	4.106	-0.545	0.03	-1.645	0.904	0.103	0.907	0.05	-0.322	9
0	7	1	-4.1389999999999985	3.363	-1.464	0.459	-0.066	1.045	-0.146	0.172	-0.124	-0.8640000000000001	4
0	7	1	-4.782	3.325	-0.071	0.6629999999999999	-0.913	1.012	-0.033	-0.103	0.483	-0.202	10
0	7	1	-3.731	1.927	-0.705	0.453	-0.3720000000000001	1.149	0.046	0.32299999999999995	-0.627	-0.331	7
0	7	1	-3.055	0.08800000000000001	-1.217	1.5619999999999998	0.18600000000000005	2.059	0.054000000000000006	0.639	-1.121	-0.757	8
0	7	1	-3.711	1.3769999999999998	-0.584	1.4280000000000002	-0.033	1.062	-0.127	0.328	-1.092	-0.565	2
0	7	1	-1.926	0.6890000000000001	-1.433	0.716	-0.588	0.269	-0.044	0.716	-0.245	-0.285	1
0	7	1	-1.948	1.536	-1.012	0.537	-1.229	0.183	0.46	-0.002	-0.17800000000000002	-0.5760000000000001	0
0	7	1	-2.8	2.609	-1.726	0.036000000000000004	-0.941	1.039	0.191	0.044	-0.165	-0.234	5
0	7	1	-2.6910000000000003	2.111	-1.067	0.174	-0.649	0.431	-0.017	0.655	-0.498	-0.292	6
0	7	1	-3.19	3.1010000000000004	-1.659	-0.182	-0.436	0.828	0.272	0.502	-0.857	-0.516	3
0	7	1	-4.074	4.187	-0.555	0.052000000000000005	-1.6030000000000002	0.73	-0.061	0.981	0.249	-0.25	9
0	7	1	-4.174	3.54	-1.43	0.417	0.267	0.918	-0.118	-0.267	-0.162	-0.71	4
0	7	1	-4.827	3.391	-0.099	0.599	-0.723	0.741	0.08900000000000001	-0.214	0.518	-0.07400000000000001	10
0	7	1	-3.735	2.096	-0.818	0.463	-0.221	1.144	0.023	0.224	-0.745	-0.325	7
0	7	1	-3.117	0.146	-1.228	1.635	0.223	2.026	0.036000000000000004	0.569	-1.15	-0.767	8
0	7	1	-3.871	1.694	-0.606	1.4280000000000002	0.044	0.8440000000000001	-0.013	0.126	-1.218	-0.5529999999999999	2
0	7	1	-2.029	0.698	-1.482	0.813	-0.6809999999999999	0.422	0.016	0.7509999999999999	-0.3	-0.237	1
0	7	1	-1.998	1.497	-1.005	0.519	-1.236	0.398	0.273	0.151	-0.319	-0.49	0
0	7	1	-2.914	2.541	-1.567	0.067	-1.051	1.207	0.006	0.289	-0.325	-0.343	5
0	7	1	-2.937	2.1830000000000003	-1.291	0.355	-0.3720000000000001	0.57	0.045	0.452	-0.705	-0.263	6
0	7	1	-3.239	2.9160000000000004	-1.406	-0.455	-0.454	1.219	0.078	0.383	-0.7759999999999999	-0.413	3
0	7	1	-4.069	4.205	-0.614	-0.06	-1.462	0.476	0.381	0.589	0.405	-0.259	9
0	7	1	-4.235	3.775	-1.5930000000000002	0.8140000000000001	0.28800000000000003	0.805	-0.5660000000000001	-0.247	-0.409	-0.556	4
0	7	1	-4.884	3.63	-0.279	0.496	-0.67	0.792	-0.005	-0.13699999999999998	0.532	-0.184	10
0	7	1	-3.756	2.204	-0.716	0.529	-0.284	1.121	0.022	0.127	-0.782	-0.394	7
0	9	1	-4.066	0.398	-0.382	1.679	0.121	1.617	0.504	-0.315	-0.226	-0.873	8
0	9	1	-2.966	0.659	-1.057	1.36	0.152	1.435	0.197	0.926	-0.45	-0.637	2
0	9	1	-2.695	1.119	-0.986	0.172	0.499	0.3720000000000001	0.08800000000000001	0.63	-0.721	-0.256	1
0	9	1	-2.482	1.896	-1.289	0.112	0.285	0.096	0.022	0.8320000000000001	-0.333	-0.764	0
0	9	1	-2.742	2.729	-0.129	-0.49	-0.573	0.868	0.07	0.7709999999999999	0.053	-0.939	5
0	9	1	-2.434	2.903	-1.341	-0.411	0.3720000000000001	0.843	-0.022	0.336	0.123	-0.747	6
0	9	1	-2.9730000000000003	3.557	-0.396	-0.7190000000000001	-0.669	0.923	0.293	1.009	0.14	-1.098	3
0	9	1	-4.103	3.812	0.255	-0.103	-0.994	0.097	-0.345	2.039	0.02	-0.43	9
0	9	1	-3.863	3.245	-0.996	0.486	-0.348	0.19	0.5579999999999999	1.342	0.17600000000000002	-0.318	4
0	9	1	-4.6110000000000015	2.962	-0.856	1.161	-0.612	0.469	0.162	0.705	0.37	-0.916	10
0	9	1	-3.548	1.611	-0.85	0.374	0.168	0.318	0.463	0.863	-1.131	-0.334	7
0	9	1	-4.052	0.35	-0.314	1.734	0.127	1.6669999999999998	0.512	-0.377	-0.358	-0.855	8
0	9	1	-3.034	0.6940000000000001	-1.007	1.453	0.155	1.48	0.179	1.005	-0.54	-0.563	2
0	9	1	-2.667	1.132	-1.054	0.232	0.537	0.35200000000000004	0.163	0.55	-0.688	-0.295	1
0	9	1	-2.395	1.929	-1.496	0.3720000000000001	0.065	0.009000000000000001	0.149	0.813	-0.484	-0.672	0
0	9	1	-2.758	2.839	-0.282	-0.449	-0.485	0.7879999999999999	0.12	0.792	0.023	-0.949	5
0	9	1	-2.464	2.755	-0.975	-0.6509999999999999	0.158	1.047	-0.145	0.203	0.246	-0.745	6
0	9	1	-3.045	3.312	0.171	-0.605	-1.027	0.924	0.353	0.897	0.365	-0.871	3
0	9	1	-4.089	3.712	0.315	-0.05	-0.929	0.018000000000000002	-0.35	1.77	0.244	-0.301	9
0	9	1	-3.989	3.582	-1.1	0.374	-0.12	0.29100000000000004	0.6629999999999999	0.96	0.023	-0.477	4
0	9	1	-4.602	3.043	-0.959	0.828	-0.298	0.315	0.423	0.57	0.387	-0.617	10
0	9	1	-3.707	1.486	-0.494	0.402	0.183	0.18600000000000005	0.234	1.029	-0.856	-0.408	7
0	9	1	-3.894	0.117	-0.407	1.973	0.043	1.891	0.411	-0.095	-0.436	-1.015	8
0	9	1	-3.053	0.716	-1.024	1.422	0.184	1.473	0.261	0.983	-0.431	-0.7170000000000001	2
0	9	1	-2.615	1.185	-1.162	0.395	0.459	0.345	0.298	0.456	-0.62	-0.307	1
0	9	1	-2.303	1.954	-1.493	0.305	0.047	0.056	0.026	0.902	-0.522	-0.645	0
0	9	1	-2.79	2.665	0.036000000000000004	-0.44	-0.604	0.8109999999999999	0.098	0.723	0.134	-0.91	5
0	9	1	-2.445	2.678	-0.816	-0.743	0.076	1.117	-0.057	0.018000000000000002	0.281	-0.72	6
0	9	1	-3.024	3.26	0.35	-0.5770000000000001	-1.183	0.872	0.556	0.762	0.395	-0.665	3
0	9	1	-3.983	3.695	0.096	-0.333	-1.01	0.16899999999999998	-0.108	1.6740000000000002	0.262	-0.231	9
0	9	1	-3.96	3.373	-1.235	0.152	0.031	0.664	0.5579999999999999	0.841	-0.133	-0.317	4
0	9	1	-4.617	3.033	-0.909	0.604	-0.341	0.636	0.294	0.527	0.48	-0.5579999999999999	10
0	9	1	-3.789	1.42	-0.3720000000000001	0.568	0.123	0.185	0.078	1.006	-0.722	-0.391	7
0	9	1	-3.676	-0.185	-0.563	2.377	0.096	1.854	0.303	0.29600000000000004	-0.358	-1.205	8
0	9	1	-3.033	0.7	-1.077	1.266	0.196	1.453	0.317	0.947	-0.324	-0.828	2
0	9	1	-2.6	1.219	-1.315	0.589	0.311	0.364	0.451	0.35	-0.556	-0.314	1
0	9	1	-2.316	2.007	-1.365	0.181	0.206	0.071	0.037000000000000005	0.8140000000000001	-0.332	-0.753	0
0	9	1	-2.7	2.6860000000000004	-0.043	-0.528	-0.626	0.917	0.16699999999999998	0.652	0.1	-0.937	5
0	9	1	-2.444	2.529	-0.487	-0.8140000000000001	-0.151	1.285	0.077	-0.064	0.287	-0.638	6
0	9	1	-2.969	3.128	0.504	-0.487	-1.371	0.7040000000000001	0.66	0.6759999999999999	0.469	-0.525	3
0	9	1	-3.878	3.816	-0.155	-0.6679999999999999	-1.207	0.541	0.022	1.972	-0.029	-0.29	9
0	9	1	-3.896	2.768	-0.816	-0.014	-0.125	0.168	0.307	1.203	0.246	-0.118	4
0	9	1	-4.717	3.059	-0.682	0.532	-0.48	0.731	0.174	0.493	0.635	-0.473	10
0	9	1	-3.689	1.367	-0.389	0.376	0.136	0.343	0.156	1.01	-0.611	-0.551	7
0	9	1	-3.644	-0.215	-0.579	2.307	0.046	1.945	0.28	0.272	-0.539	-1.226	8
0	9	1	-3.034	0.452	-0.946	0.931	0.128	1.514	0.142	0.932	-0.104	-0.974	2
0	9	1	-2.817	1.268	-1.127	0.7070000000000001	0.399	0.406	0.289	0.319	-0.691	-0.379	1
0	9	1	-2.382	1.984	-1.096	-0.103	0.369	0.204	-0.125	0.752	-0.136	-0.959	0
0	9	1	-2.54	2.925	-0.377	-0.745	-0.562	0.981	0.303	0.539	0.127	-0.959	5
0	9	1	-2.505	2.358	-0.184	-0.792	-0.316	1.3630000000000002	0.302	-0.121	0.214	-0.622	6
0	9	1	-2.951	2.64	0.8320000000000001	-0.387	-1.5019999999999998	0.272	0.7559999999999999	0.5379999999999999	0.616	-0.399	3
0	9	1	-3.979	3.661	0.16899999999999998	-0.598	-1.412	0.569	0.009000000000000001	1.939	0.094	-0.149	9
0	9	1	-4.083	2.315	-0.375	0.52	-0.019	-0.211	-0.172	1.054	0.387	0.168	4
0	9	1	-4.805	3.228	-0.501	0.602	-0.532	0.745	0.09	0.445	0.7559999999999999	-0.42	10
0	9	1	-3.661	1.2919999999999998	-0.433	0.34	0.098	0.363	0.246	0.911	-0.415	-0.507	7
0	9	1	-3.337	-0.34700000000000003	-0.79	2.129	-0.058	2.079	0.295	0.246	-0.687	-1.241	8
0	9	1	-3.0	0.217	-0.855	0.8029999999999999	-0.008	1.795	-0.01	1.07	-0.061	-1.046	2
0	9	1	-3.047	1.267	-0.799	0.507	0.524	0.507	0.044	0.302	-0.731	-0.431	1
0	9	1	-2.45	1.993	-1.08	-0.09	0.3670000000000001	0.324	-0.16399999999999998	0.684	-0.181	-1.013	0
0	9	1	-2.544	2.725	-0.067	-0.787	-0.903	0.97	0.524	0.32	0.28300000000000003	-0.8220000000000001	5
0	9	1	-2.7030000000000003	2.066	0.205	-0.63	-0.345	1.229	0.403	-0.032	0.247	-0.696	6
0	9	1	-3.015	2.219	0.996	-0.455	-1.514	0.047	0.8640000000000001	0.468	0.657	-0.343	3
0	9	1	-4.122	3.177	0.529	-0.17600000000000002	-1.307	0.132	-0.279	1.3530000000000002	0.458	-0.009000000000000001	9
0	9	1	-4.047	2.6260000000000003	-0.597	0.823	-0.266	0.048	0.049	0.882	0.359	-0.203	4
0	9	1	-4.893	3.37	-0.464	0.5379999999999999	-0.327	0.496	0.27	0.47	0.742	-0.141	10
0	9	1	-3.664	1.119	-0.459	0.482	0.08199999999999999	0.221	0.185	0.861	-0.237	-0.413	7
0	13	1	-2.463	-0.197	-1.264	1.15	0.234	1.833	0.066	0.738	-1.382	-0.498	8
0	13	1	-2.9130000000000003	0.757	-0.8190000000000001	1.245	0.419	1.17	0.051	0.328	-0.96	-0.614	2
0	13	1	-2.012	1.134	-1.029	0.205	0.6609999999999999	0.359	0.456	0.3720000000000001	-0.939	-0.613	1
0	13	1	-2.101	1.5019999999999998	-0.322	-0.363	0.026	0.116	0.162	-0.07400000000000001	-0.106	-0.397	0
0	13	1	-2.565	1.871	-0.269	0.187	-0.6559999999999999	0.267	-0.328	0.184	0.348	-0.511	5
0	13	1	-2.346	1.604	-0.28300000000000003	0.393	-0.416	0.268	-0.463	0.387	0.253	-0.504	6
0	13	1	-3.008	2.882	-0.9	0.214	-0.565	-0.197	0.449	0.305	0.413	-0.3	3
0	13	1	-3.823	3.536	-2.07	0.245	-0.442	1.125	0.73	0.5379999999999999	-0.006	-0.64	9
0	13	1	-4.019	3.52	-1.058	-0.2	-0.545	1.348	0.35100000000000003	0.82	-0.868	-0.434	4
0	13	1	-4.022	0.941	-0.623	1.461	0.02	1.904	-0.07400000000000001	0.464	-0.541	-0.211	10
0	13	1	-3.209	1.85	-0.394	0.555	0.425	0.313	0.067	0.077	-0.163	-0.944	7
0	13	1	-2.377	-0.266	-1.371	1.09	0.24	1.843	0.107	0.7020000000000001	-1.256	-0.62	8
0	13	1	-2.9610000000000003	0.7659999999999999	-0.8	0.962	0.6579999999999999	1.012	0.34700000000000003	-0.015	-0.425	-0.746	2
0	13	1	-2.207	1.09	-0.627	0.024	0.912	0.662	0.241	0.348	-0.7020000000000001	-0.912	1
0	13	1	-2.131	1.487	-0.302	-0.272	0.012	0.067	0.149	0.022	-0.133	-0.322	0
0	13	1	-2.596	1.867	-0.208	0.208	-0.574	0.146	-0.214	0.116	0.395	-0.541	5
0	13	1	-2.378	1.568	-0.243	0.407	-0.428	0.229	-0.293	0.297	0.3720000000000001	-0.512	6
0	13	1	-3.117	2.8760000000000003	-0.746	-0.047	-0.4270000000000001	-0.053	0.453	0.305	0.541	-0.489	3
0	13	1	-3.911	3.703	-1.965	0.132	-0.209	0.929	0.8109999999999999	0.495	-0.142	-0.519	9
0	13	1	-4.135	3.651	-0.7509999999999999	-0.066	-0.789	1.131	0.496	0.7879999999999999	-0.883	-0.35100000000000003	4
0	13	1	-4.0280000000000005	0.982	-0.648	1.4780000000000002	-0.048	2.108	-0.146	0.467	-0.654	-0.193	10
0	13	1	-3.265	1.933	-0.316	0.602	0.438	0.336	0.048	0.134	-0.16	-0.991	7
0	13	1	-2.382	-0.294	-1.3969999999999998	1.051	0.211	1.901	0.151	0.654	-1.286	-0.609	8
0	13	1	-2.9410000000000003	0.71	-0.855	0.902	0.635	0.924	0.466	0.01	-0.342	-0.588	2
0	13	1	-2.306	1.086	-0.59	0.106	0.931	0.733	0.213	0.274	-0.684	-0.911	1
0	13	1	-2.162	1.533	-0.267	-0.287	-0.026	0.122	0.168	-0.024	-0.268	-0.27	0
0	13	1	-2.639	1.88	-0.389	0.204	-0.5710000000000001	0.094	-0.233	0.279	0.426	-0.598	5
0	13	1	-2.458	1.586	-0.359	0.376	-0.244	0.134	-0.163	0.298	0.444	-0.711	6
0	13	1	-3.242	2.901	-0.632	-0.332	-0.421	0.226	0.536	0.142	0.623	-0.616	3
0	13	1	-3.977	3.684	-1.242	-0.364	-0.217	0.594	0.759	0.6	0.069	-0.25	9
0	13	1	-4.0939999999999985	3.5860000000000003	-0.845	-0.026	-0.5379999999999999	0.964	0.6659999999999999	0.647	-0.412	-0.477	4
0	13	1	-4.138	1.128	-0.601	1.5530000000000002	-0.019	2.039	-0.17600000000000002	0.262	-0.551	-0.362	10
0	13	1	-3.242	1.802	-0.482	0.6990000000000001	0.424	0.337	0.115	0.272	-0.205	-1.074	7
0	13	1	-2.4530000000000003	-0.32	-1.368	1.04	0.174	1.985	0.158	0.59	-1.318	-0.5870000000000001	8
0	13	1	-2.957	0.596	-0.7559999999999999	0.89	0.58	0.836	0.5429999999999999	0.036000000000000004	-0.232	-0.579	2
0	13	1	-2.289	1.106	-0.816	0.228	0.867	0.616	0.338	0.298	-0.843	-0.8320000000000001	1
0	13	1	-2.175	1.631	-0.331	-0.203	-0.159	0.246	0.18	-0.093	-0.35100000000000003	-0.267	0
0	13	1	-2.7230000000000003	1.975	-0.636	0.336	-0.677	0.156	-0.342	0.479	0.381	-0.7290000000000001	5
0	13	1	-2.58	1.608	-0.311	0.273	-0.14800000000000002	0.262	-0.062	0.16699999999999998	0.337	-0.6920000000000001	6
0	13	1	-3.3110000000000004	2.946	-0.8079999999999999	-0.3	-0.457	0.324	0.515	0.149	0.5329999999999999	-0.718	3
0	13	1	-4.052	3.747	-1.24	-0.299	-0.426	0.917	0.517	0.716	-0.21	-0.125	9
0	13	1	-4.039	3.506	-0.964	0.041	-0.4	0.976	0.65	0.659	-0.21600000000000005	-0.327	4
0	13	1	-4.319	1.338	-0.5489999999999999	1.6780000000000002	0.027000000000000003	1.922	-0.228	0.161	-0.47	-0.442	10
0	13	1	-3.329	1.788	-0.517	0.597	0.503	0.278	0.121	0.17600000000000002	-0.159	-0.98	7
0	13	1	-2.46	-0.325	-1.404	0.928	0.122	2.049	0.274	0.532	-1.113	-0.769	8
0	13	1	-2.904	0.458	-0.6559999999999999	0.8320000000000001	0.61	0.805	0.568	0.041	-0.114	-0.615	2
0	13	1	-2.318	1.097	-0.8320000000000001	0.26	0.821	0.588	0.402	0.327	-0.852	-0.773	1
0	13	1	-2.147	1.655	-0.355	-0.08199999999999999	-0.194	0.29600000000000004	0.146	-0.083	-0.314	-0.308	0
0	13	1	-2.733	2.026	-0.71	0.377	-0.774	0.284	-0.469	0.693	0.205	-0.74	5
0	13	1	-2.729	1.595	-0.15	0.16699999999999998	0.015	0.377	0.083	-0.038	0.166	-0.672	6
0	13	1	-3.338	3.033	-1.189	-0.269	-0.364	0.544	0.491	0.14800000000000002	0.365	-0.931	3
0	13	1	-4.048	3.753	-1.15	-0.209	-0.53	0.871	0.445	0.716	-0.131	0.139	9
0	13	1	-4.142	3.454	-0.653	0.271	-0.598	0.7929999999999999	0.563	0.52	-0.118	-0.33	4
0	13	1	-4.457	1.5119999999999998	-0.514	1.764	0.063	1.86	-0.332	0.189	-0.521	-0.415	10
0	13	1	-3.407	1.821	-0.675	0.765	0.256	0.469	-0.09	0.322	-0.387	-0.968	7
0	13	1	-2.391	-0.34700000000000003	-1.474	0.843	0.08900000000000001	2.021	0.417	0.502	-0.86	-0.978	8
0	13	1	-2.919	0.463	-0.716	0.957	0.635	0.833	0.501	0.048	-0.134	-0.638	2
0	13	1	-2.385	1.01	-0.754	0.37	0.785	0.471	0.415	0.318	-0.797	-0.679	1
0	13	1	-2.104	1.6	-0.297	-0.071	-0.172	0.285	0.152	-0.08900000000000001	-0.29600000000000004	-0.37	0
0	13	1	-2.7060000000000004	2.07	-0.691	0.31	-0.745	0.266	-0.413	0.602	0.36	-0.713	5
0	13	1	-2.855	1.587	-0.03	0.202	0.165	0.445	0.207	-0.067	-0.013	-0.7120000000000001	6
0	13	1	-3.339	3.011	-1.264	-0.343	-0.119	0.498	0.589	0.078	0.221	-0.8220000000000001	3
0	13	1	-4.039	3.689	-1.007	-0.139	-0.542	0.5870000000000001	0.535	0.465	0.194	0.168	9
0	13	1	-4.172	3.07	-0.7809999999999999	0.516	-0.627	1.006	0.531	0.441	-0.102	-0.456	4
0	13	1	-4.494	1.535	-0.495	1.715	0.044	1.892	-0.3670000000000001	0.362	-0.583	-0.29100000000000004	10
0	13	1	-3.285	1.547	-0.897	0.917	0.127	0.402	-0.011	0.502	-0.557	-0.715	7
0	11	0	-3.415	-0.5379999999999999	0.241	2.0380000000000003	0.622	1.027	-0.701	-0.66	-0.418	0.7809999999999999	8
0	11	0	-3.439	1.007	0.02	1.491	0.777	0.257	-0.777	-0.282	-0.7070000000000001	0.746	2
0	11	0	-2.814	1.515	-0.08800000000000001	0.597	-0.033	-0.29	-0.445	0.113	-0.136	0.662	1
0	11	0	-2.027	2.157	-0.297	-0.211	-0.266	0.086	-0.17600000000000002	-0.179	-0.28300000000000003	0.292	0
0	11	0	-2.263	3.344	-1.165	-0.625	-0.159	0.926	0.13	-0.33	-0.7829999999999999	0.31	5
0	11	0	-2.594	2.584	-0.37	-0.524	-0.177	0.515	-0.13699999999999998	0.095	-0.731	0.07200000000000001	6
0	11	0	-2.702	3.596	-0.57	-1.041	-0.7090000000000001	1.009	0.403	0.426	-1.013	-0.009000000000000001	3
0	11	0	-3.44	3.2030000000000003	-0.698	-0.86	-0.542	1.503	0.922	0.467	-0.183	-0.919	9
0	11	0	-3.961	4.144	-0.934	-0.08900000000000001	-0.612	0.787	0.326	0.182	-0.487	-0.7190000000000001	4
0	11	0	-4.471	3.192	-0.161	0.117	-0.327	0.406	-0.201	0.919	-0.716	-0.933	10
0	11	0	-3.012	2.252	-0.8059999999999999	0.389	-0.11	0.649	-0.328	0.321	-0.5589999999999999	0.234	7
0	11	0	-3.705	-0.204	0.274	1.569	0.883	1.366	-0.94	-0.691	-0.162	0.598	8
0	11	0	-3.303	0.7020000000000001	-0.209	1.6269999999999998	0.818	0.287	-0.541	-0.198	-0.7170000000000001	0.768	2
0	11	0	-2.64	1.3219999999999998	-0.111	0.861	0.026	-0.354	-0.425	0.083	-0.235	0.7809999999999999	1
0	11	0	-1.948	2.143	-0.068	-0.211	-0.238	0.263	-0.27	-0.238	-0.342	0.147	0
0	11	0	-2.247	3.42	-0.887	-0.823	-0.297	0.774	0.185	-0.242	-0.79	0.046	5
0	11	0	-2.489	2.401	-0.44	-0.3670000000000001	-0.069	0.5329999999999999	0.011	0.118	-0.621	-0.188	6
0	11	0	-2.776	3.557	-0.435	-1.044	-0.5720000000000001	1.273	0.221	0.295	-0.986	-0.04	3
0	11	0	-3.3560000000000003	3.236	-0.653	-0.9	-0.6609999999999999	1.43	0.901	0.395	-0.139	-0.726	9
0	11	0	-3.909	3.674	-0.648	0.08800000000000001	-0.365	0.199	0.424	0.336	-0.012	-0.252	4
0	11	0	-4.386	3.055	0.075	-0.018000000000000002	-0.436	0.5660000000000001	-0.28800000000000003	0.936	-0.5770000000000001	-1.01	10
0	11	0	-3.067	2.549	-0.851	0.505	0.044	0.574	-0.377	0.147	-0.606	0.189	7
0	11	0	-3.699	-0.251	0.268	1.585	0.85	1.381	-0.867	-0.71	-0.19	0.5670000000000001	8
0	11	0	-3.266	0.5770000000000001	-0.261	1.481	0.8740000000000001	0.301	-0.496	-0.012	-0.623	0.879	2
0	11	0	-2.676	1.411	-0.098	1.047	-0.04	-0.131	-0.56	-0.03	-0.192	0.705	1
0	11	0	-1.899	2.135	0.092	-0.11	-0.145	0.081	-0.067	-0.104	-0.408	-0.099	0
0	11	0	-2.305	3.625	-1.203	-0.665	-0.29600000000000004	0.775	0.197	-0.282	-0.8420000000000001	0.188	5
0	11	0	-2.489	2.379	-0.523	-0.158	-0.17800000000000002	0.406	0.198	0.059	-0.589	-0.256	6
0	11	0	-2.898	3.393	-0.409	-0.993	-0.5870000000000001	1.3219999999999998	0.24	0.231	-1.068	-0.094	3
0	11	0	-3.3760000000000003	3.327	-0.797	-0.8490000000000001	-0.6809999999999999	1.198	0.838	0.244	-0.298	-0.618	9
0	11	0	-3.828	3.188	-0.388	0.055	-0.185	-0.029	0.503	0.273	0.326	0.1	4
0	11	0	-4.283	2.829	0.29600000000000004	0.086	-0.544	0.501	-0.317	0.995	-0.34	-1.113	10
0	11	0	-3.189	2.62	-0.833	0.45	0.009000000000000001	0.444	-0.348	0.126	-0.614	0.081	7
0	11	0	-3.49	-0.474	0.187	1.747	0.733	1.307	-0.816	-0.787	-0.222	0.41	8
0	11	0	-3.155	0.613	-0.285	1.287	0.882	0.337	-0.624	0.067	-0.516	0.8909999999999999	2
0	11	0	-2.762	1.51	-0.145	1.157	-0.256	0.041	-0.647	-0.324	-0.128	0.8059999999999999	1
0	11	0	-1.959	2.285	-0.08900000000000001	-0.262	-0.013	0.019	-0.233	-0.068	-0.268	-0.022	0
0	11	0	-2.364	3.743	-1.393	-0.361	-0.354	1.004	0.208	-0.376	-1.046	0.722	5
0	11	0	-2.577	2.449	-0.38	0.174	-0.41	0.383	0.19	0.097	-0.489	-0.084	6
0	11	0	-2.919	3.48	-0.823	-0.7509999999999999	-0.416	1.045	0.609	0.18	-1.172	0.123	3
0	11	0	-3.387	3.286	-0.747	-0.6990000000000001	-0.9	0.8909999999999999	0.875	0.46	-0.457	-0.636	9
0	11	0	-3.818	3.159	-0.298	-0.058	-0.348	0.194	0.593	0.211	0.531	-0.014	4
0	11	0	-4.299	2.775	0.244	0.177	-0.436	0.261	-0.308	1.175	-0.227	-1.115	10
0	11	0	-3.269	2.489	-0.76	0.35200000000000004	-0.092	0.4320000000000001	-0.27	0.242	-0.523	0.01	7
0	11	0	-2.852	-0.805	-0.313	1.565	0.688	1.467	-0.664	-0.916	-0.279	0.489	8
0	11	0	-3.379	0.95	-0.06	1.47	0.5379999999999999	0.051	-0.6809999999999999	-0.098	-0.405	0.912	2
0	11	0	-2.8360000000000003	1.561	-0.076	1.229	-0.29100000000000004	-0.036000000000000004	-0.369	-0.393	-0.181	0.85	1
0	11	0	-2.021	2.4930000000000003	-0.416	-0.116	0.094	-0.033	-0.4	-0.08	-0.136	0.069	0
0	11	0	-2.411	3.85	-1.405	-0.302	-0.398	1.069	0.21600000000000005	-0.29100000000000004	-1.116	1.043	5
0	11	0	-2.708	2.56	-0.439	0.324	-0.348	0.429	0.091	-0.037000000000000005	-0.434	0.344	6
0	11	0	-2.883	3.576	-1.198	-0.562	-0.162	0.974	0.764	-0.03	-1.023	0.34600000000000003	3
0	11	0	-3.39	3.422	-0.718	-0.667	-0.871	0.7879999999999999	0.959	0.555	-0.482	-0.7240000000000001	9
0	11	0	-3.972	3.24	-0.8290000000000001	0.069	-0.617	0.977	0.532	0.498	-0.191	-0.91	4
0	11	0	-4.513	3.08	0.068	0.05	-0.484	0.341	-0.257	1.3019999999999998	-0.517	-1.057	10
0	11	0	-3.292	2.595	-0.578	0.42	-0.233	0.391	-0.241	0.4370000000000001	-0.541	-0.021	7
0	11	0	-2.527	-0.926	-0.5710000000000001	1.6130000000000002	0.628	1.229	-0.687	-0.8079999999999999	-0.354	0.625	8
0	11	0	-3.498	1.669	0.076	1.53	0.38	-0.135	-0.8140000000000001	-0.208	-0.307	1.053	2
0	11	0	-2.8510000000000004	1.412	-0.184	1.281	0.0	-0.146	-0.172	-0.419	-0.307	0.8740000000000001	1
0	11	0	-2.026	2.4330000000000003	-0.411	0.064	0.223	-0.027000000000000003	-0.424	-0.009000000000000001	-0.305	0.345	0
0	11	0	-2.46	3.706	-1.304	-0.339	-0.487	1.125	0.187	-0.211	-1.068	0.944	5
0	11	0	-2.879	2.662	-0.5720000000000001	0.425	-0.248	0.213	0.17600000000000002	-0.281	-0.404	0.605	6
0	11	0	-2.818	3.685	-1.413	-0.5579999999999999	0.025	0.871	0.688	-0.14400000000000002	-0.93	0.282	3
0	11	0	-3.3960000000000004	3.867	-1.029	-0.603	-0.573	0.78	1.209	0.228	-0.6729999999999999	-0.562	9
0	11	0	-3.905	3.147	-1.259	0.304	-0.21600000000000005	1.055	0.578	0.353	-0.517	-0.871	4
0	11	0	-4.5680000000000005	3.344	-0.005	-0.092	-0.546	0.479	-0.168	1.186	-0.565	-1.025	10
0	11	0	-3.35	2.713	-0.472	0.4	-0.196	0.248	-0.224	0.53	-0.358	-0.091	7
0	12	0	-4.711	1.166	1.244	1.746	0.311	-0.305	-0.691	-0.13699999999999998	-0.28800000000000003	1.023	8
0	12	0	-4.057	1.925	0.521	1.331	0.273	-0.16699999999999998	-0.365	-0.665	-0.512	0.716	2
0	12	0	-3.097	1.385	-0.173	1.392	-0.613	-0.14300000000000002	-0.014	-0.565	-0.065	1.129	1
0	12	0	-2.931	1.85	-0.8959999999999999	0.685	-1.0	0.504	0.212	-0.276	-0.203	0.595	0
0	12	0	-2.942	2.642	-1.217	0.384	-0.994	1.467	0.134	-0.458	-0.465	0.6459999999999999	5
0	12	0	-3.065	1.781	-0.915	0.698	0.175	0.662	-0.086	-0.361	-0.774	0.951	6
0	12	0	-3.318	3.395	-1.706	0.753	-0.214	1.431	0.0	-0.192	-1.33	0.03	3
0	12	0	-3.747	4.267	-1.847	-0.235	0.38	0.885	-0.049	-0.258	-0.772	-0.11	9
0	12	0	-4.039	2.061	-0.727	0.888	0.302	0.413	-0.381	-0.194	-0.614	0.41	4
0	12	0	-4.08	2.242	-0.28	1.876	0.72	-0.292	-0.537	-0.54	-0.6629999999999999	0.238	10
0	12	0	-3.483	2.628	-0.383	0.838	0.2	0.102	-0.162	-0.547	-0.7909999999999999	1.018	7
0	12	0	-4.689	1.015	1.3119999999999998	1.802	0.313	-0.405	-0.6629999999999999	0.106	-0.325	0.838	8
0	12	0	-4.013	2.101	0.295	1.2919999999999998	0.45	-0.024	-0.565	-0.588	-0.343	0.695	2
0	12	0	-2.972	1.151	-0.293	1.609	-0.7240000000000001	0.123	-0.087	-0.8009999999999999	0.04	1.07	1
0	12	0	-3.029	1.747	-0.899	0.674	-1.046	0.5579999999999999	0.204	-0.155	-0.237	0.655	0
0	12	0	-2.926	2.673	-1.242	0.396	-1.029	1.548	0.05	-0.5920000000000001	-0.331	0.595	5
0	12	0	-3.075	1.824	-0.905	0.727	0.155	0.608	-0.075	-0.377	-0.74	0.852	6
0	12	0	-3.4	3.4410000000000003	-1.805	0.8140000000000001	-0.162	1.445	-0.11	-0.499	-1.2009999999999998	-0.046	3
0	12	0	-3.797	4.314	-1.596	-0.476	0.044	0.903	0.129	-0.141	-0.6459999999999999	-0.318	9
0	12	0	-4.083	2.193	-0.4920000000000001	0.695	0.251	0.423	-0.5579999999999999	-0.123	-0.53	0.376	4
0	12	0	-4.045	2.377	-0.3	2.002	0.826	-0.18	-0.768	-0.408	-0.787	0.156	10
0	12	0	-3.455	2.5610000000000004	-0.421	0.847	0.33	0.057	-0.177	-0.494	-0.7859999999999999	0.951	7
0	12	0	-4.756	1.197	1.431	1.54	0.262	-0.277	-0.741	0.075	-0.26	0.8759999999999999	8
0	12	0	-3.999	2.138	0.295	1.086	0.6990000000000001	-0.127	-0.634	-0.4	-0.505	0.856	2
0	12	0	-2.964	1.154	-0.373	1.511	-0.583	0.152	-0.012	-0.949	-0.054000000000000006	1.16	1
0	12	0	-3.053	1.518	-0.7290000000000001	0.828	-1.211	0.499	0.326	-0.136	-0.263	0.75	0
0	12	0	-2.967	2.781	-1.277	0.354	-0.936	1.505	-0.004	-0.418	-0.56	0.725	5
0	12	0	-3.2060000000000004	1.899	-0.933	0.733	0.261	0.565	-0.225	-0.339	-0.677	0.765	6
0	12	0	-3.492	3.446	-1.734	0.705	-0.23	1.339	0.092	-0.698	-1.143	-0.05	3
0	12	0	-3.847	4.268	-1.521	-0.465	-0.23	1.067	-0.02	0.005	-0.5770000000000001	-0.509	9
0	12	0	-4.052	2.335	-0.415	0.732	0.234	0.426	-0.49	-0.218	-0.618	0.34	4
0	12	0	-4.001	2.2840000000000003	-0.365	2.106	1.006	-0.028	-0.825	-0.39	-0.898	0.099	10
0	12	0	-3.446	2.44	-0.37	0.926	0.194	0.141	-0.098	-0.557	-0.889	0.985	7
0	12	0	-4.763	1.305	1.231	1.548	0.308	-0.152	-0.792	-0.124	-0.107	0.885	8
0	12	0	-3.99	2.008	0.503	0.845	0.774	-0.114	-0.6409999999999999	-0.282	-0.7340000000000001	0.877	2
0	12	0	-2.965	1.124	-0.349	1.581	-0.6659999999999999	0.125	-0.025	-0.887	-0.13	1.11	1
0	12	0	-3.055	1.4	-0.6859999999999999	0.964	-1.29	0.545	0.337	-0.299	-0.173	0.69	0
0	12	0	-2.964	2.8110000000000004	-1.317	0.324	-0.7809999999999999	1.369	0.127	-0.368	-0.677	0.493	5
0	12	0	-3.3710000000000004	2.007	-0.919	0.843	0.221	0.541	-0.317	-0.37	-0.5	0.652	6
0	12	0	-3.554	3.386	-1.703	0.555	-0.07200000000000001	1.073	0.237	-0.625	-1.067	-0.17600000000000002	3
0	12	0	-3.852	4.214	-1.556	-0.336	-0.305	1.133	-0.152	0.237	-0.915	-0.445	9
0	12	0	-3.963	2.272	-0.534	0.977	0.329	0.514	-0.363	-0.425	-0.7120000000000001	0.41	4
0	12	0	-3.985	2.192	-0.426	2.1630000000000003	1.114	0.016	-0.846	-0.468	-0.858	0.037000000000000005	10
0	12	0	-3.51	2.535	-0.26	0.946	-0.07200000000000001	0.159	-0.112	-0.657	-0.789	0.914	7
0	12	0	-4.754	1.329	1.09	1.765	0.217	-0.198	-0.782	-0.154	0.023	0.85	8
0	12	0	-3.966	2.003	0.391	1.034	0.659	-0.191	-0.448	-0.397	-0.769	0.969	2
0	12	0	-2.959	1.061	-0.35100000000000003	1.745	-0.851	0.344	-0.373	-0.7290000000000001	0.048	0.815	1
0	12	0	-3.194	1.589	-0.774	0.8140000000000001	-1.087	0.618	0.218	-0.45	-0.003	0.526	0
0	12	0	-2.928	2.83	-1.361	0.32299999999999995	-0.7390000000000001	1.431	0.002	-0.172	-0.939	0.607	5
0	12	0	-3.4560000000000004	2.027	-0.862	0.887	0.281	0.435	-0.307	-0.387	-0.6	0.725	6
0	12	0	-3.52	3.318	-1.867	0.691	0.263	0.8220000000000001	0.14	-0.62	-1.098	0.083	3
0	12	0	-3.838	4.252	-1.621	-0.219	-0.281	0.856	0.154	0.133	-0.92	-0.454	9
0	12	0	-3.857	2.133	-0.58	0.996	0.502	0.65	-0.28300000000000003	-0.468	-0.983	0.613	4
0	12	0	-4.062	2.358	-0.31	1.895	1.095	0.049	-0.87	-0.524	-0.98	-0.065	10
0	12	0	-3.591	2.78	-0.301	0.812	-0.008	-0.019	-0.268	-0.564	-0.7879999999999999	0.948	7
0	12	0	-4.687	1.152	1.089	1.915	0.201	-0.29600000000000004	-0.6920000000000001	-0.105	-0.14300000000000002	0.884	8
0	12	0	-3.917	1.925	0.267	1.361	0.453	-0.19	-0.242	-0.633	-0.62	1.039	2
0	12	0	-3.004	1.09	-0.328	1.652	-0.679	0.287	-0.297	-0.695	-0.145	0.71	1
0	12	0	-3.341	1.714	-0.773	0.7709999999999999	-0.976	0.625	0.078	-0.438	-0.084	0.607	0
0	12	0	-2.902	2.7960000000000003	-1.199	0.234	-0.821	1.257	0.263	-0.075	-1.103	0.417	5
0	12	0	-3.567	2.081	-0.579	0.845	0.126	0.381	-0.179	-0.51	-0.846	0.987	6
0	12	0	-3.57	3.41	-1.5759999999999998	0.563	0.002	0.759	0.285	-0.466	-1.409	0.586	3
0	12	0	-3.792	4.29	-1.531	-0.125	-0.312	0.624	0.324	-0.053	-0.942	-0.301	9
0	12	0	-3.862	2.109	-0.65	0.99	0.7240000000000001	0.6409999999999999	-0.293	-0.519	-1.055	0.653	4
0	12	0	-4.118	2.542	-0.2	1.616	1.106	-0.06	-0.728	-0.544	-0.912	-0.101	10
0	12	0	-3.636	2.719	-0.17800000000000002	0.665	0.099	-0.084	-0.333	-0.362	-1.0490000000000002	0.978	7
0	14	0	-4.047	0.913	0.7340000000000001	1.479	0.258	0.206	-1.117	-0.423	-0.336	0.982	8
0	14	0	-3.811	2.123	0.278	1.5519999999999998	0.754	0.4920000000000001	-0.584	-0.433	-0.988	0.652	2
0	14	0	-3.4410000000000003	1.975	-0.395	1.024	-0.052000000000000005	-0.16699999999999998	-0.445	0.168	-0.684	1.04	1
0	14	0	-2.584	2.091	-1.4509999999999998	0.889	-0.464	0.285	-0.213	-0.245	-0.138	1.206	0
0	14	0	-3.119	3.135	-1.466	-0.35200000000000004	-0.023	0.752	0.14300000000000002	-0.231	-0.376	0.721	5
0	14	0	-2.8710000000000004	3.13	-1.3	0.008	-0.28800000000000003	0.483	0.258	-0.342	-0.614	0.83	6
0	14	0	-3.059	2.895	-0.847	-0.364	-0.484	1.025	0.502	0.506	-0.733	0.078	3
0	14	0	-3.642	3.582	-1.031	-0.7609999999999999	0.046	1.255	0.841	0.512	-0.259	-0.447	9
0	14	0	-3.977	2.9760000000000004	0.309	-0.259	0.026	0.816	-0.317	0.4920000000000001	-0.674	-0.659	4
0	14	0	-4.008	2.141	-0.18	1.041	0.688	0.7120000000000001	-0.879	-0.201	-1.0659999999999998	-0.5489999999999999	10
0	14	0	-3.451	2.257	-0.845	0.4320000000000001	0.486	0.266	-0.215	0.006	-1.082	0.759	7
0	14	0	-3.836	0.508	0.645	1.721	0.28	0.303	-0.911	-0.5920000000000001	-0.631	1.023	8
0	14	0	-3.709	1.665	0.138	1.551	0.975	0.923	-0.396	-0.234	-1.154	0.736	2
0	14	0	-3.369	1.784	-0.603	1.3030000000000002	0.006999999999999999	-0.044	-0.459	-0.012	-0.591	1.047	1
0	14	0	-2.627	2.089	-1.4340000000000002	0.937	-0.615	0.43	-0.311	-0.203	0.038	0.933	0
0	14	0	-3.074	3.062	-1.47	-0.379	0.233	0.789	-0.099	-0.135	-0.395	0.5720000000000001	5
0	14	0	-2.902	2.988	-1.152	0.057	-0.477	0.622	0.338	-0.368	-0.6890000000000001	0.7929999999999999	6
0	14	0	-3.027	2.903	-0.799	-0.452	-0.503	1.044	0.679	0.483	-0.7759999999999999	-0.062	3
0	14	0	-3.634	3.589	-1.075	-0.7090000000000001	0.058	1.051	0.878	0.627	-0.111	-0.4370000000000001	9
0	14	0	-3.924	2.7260000000000004	0.414	-0.155	-0.02	0.893	-0.188	0.552	-0.507	-0.617	4
0	14	0	-4.049	2.2230000000000003	-0.076	0.928	0.6920000000000001	0.731	-0.931	-0.141	-1.087	-0.584	10
0	14	0	-3.432	2.235	-0.753	0.361	0.435	0.425	-0.193	0.012	-1.166	0.794	7
0	14	0	-3.661	0.3	0.53	1.816	0.333	0.444	-0.858	-0.732	-0.809	0.995	8
0	14	0	-3.674	1.513	0.038	1.604	0.907	1.045	-0.166	-0.295	-1.13	0.594	2
0	14	0	-3.242	1.615	-0.8290000000000001	1.589	0.09	0.051	-0.504	-0.211	-0.513	1.005	1
0	14	0	-2.634	2.076	-1.32	0.833	-0.547	0.287	-0.173	-0.203	-0.001	0.802	0
0	14	0	-3.052	3.059	-1.668	-0.208	0.466	0.7240000000000001	-0.237	-0.175	-0.315	0.411	5
0	14	0	-2.918	2.897	-1.069	-0.077	-0.261	0.55	0.317	-0.322	-0.7759999999999999	0.79	6
0	14	0	-3.048	2.817	-0.703	-0.396	-0.639	0.92	0.674	0.6859999999999999	-0.611	-0.053	3
0	14	0	-3.66	3.618	-1.051	-0.748	0.08	1.022	0.914	0.613	0.023	-0.448	9
0	14	0	-3.919	2.575	0.471	-0.064	-0.042	0.88	-0.128	0.612	-0.504	-0.539	4
0	14	0	-4.0939999999999985	2.499	-0.149	1.017	0.6829999999999999	0.536	-1.023	-0.127	-1.142	-0.421	10
0	14	0	-3.3960000000000004	2.257	-0.602	0.407	0.204	0.366	0.067	0.044	-1.352	0.871	7
0	14	0	-3.572	0.228	0.52	1.791	0.382	0.573	-0.961	-0.74	-0.936	1.007	8
0	14	0	-3.584	1.252	-0.062	1.646	0.787	1.134	0.096	-0.292	-1.133	0.472	2
0	14	0	-3.232	1.551	-0.8320000000000001	1.6740000000000002	-0.042	0.29600000000000004	-0.5529999999999999	-0.443	-0.413	0.96	1
0	14	0	-2.643	2.021	-1.265	0.759	-0.442	0.159	-0.032	-0.145	-0.16399999999999998	0.86	0
0	14	0	-3.05	3.055	-1.598	-0.12	0.14400000000000002	0.757	0.119	-0.397	-0.396	0.477	5
0	14	0	-2.938	2.782	-1.111	-0.076	0.0	0.5820000000000001	0.252	-0.4	-0.773	0.838	6
0	14	0	-3.095	2.8510000000000004	-0.816	-0.396	-0.603	1.09	0.5670000000000001	0.743	-0.677	0.052000000000000005	3
0	14	0	-3.706	3.627	-0.889	-0.789	-0.093	1.223	0.8140000000000001	0.563	0.062	-0.449	9
0	14	0	-3.946	2.545	0.447	-0.001	0.043	0.7879999999999999	-0.102	0.68	-0.637	-0.545	4
0	14	0	-4.145	2.739	-0.115	0.907	0.669	0.478	-1.183	-0.24	-0.887	-0.365	10
0	14	0	-3.325	2.141	-0.528	0.439	0.099	0.321	0.217	0.135	-1.388	0.746	7
0	14	0	-3.4610000000000003	0.04	0.5529999999999999	1.854	0.386	0.568	-1.003	-0.638	-1.04	1.051	8
0	14	0	-3.5460000000000003	1.064	-0.006	1.455	0.847	1.117	0.073	-0.025	-1.318	0.557	2
0	14	0	-3.32	1.5530000000000002	-0.586	1.6880000000000002	-0.262	0.392	-0.478	-0.461	-0.522	0.929	1
0	14	0	-2.71	1.943	-1.247	0.772	-0.345	0.107	-0.062	0.04	-0.322	1.018	0
0	14	0	-3.018	3.014	-1.486	-0.105	-0.131	0.929	0.226	-0.463	-0.555	0.598	5
0	14	0	-2.904	2.741	-1.123	0.014	0.071	0.654	0.212	-0.454	-0.815	0.752	6
0	14	0	-3.176	2.997	-1.098	-0.371	-0.418	1.318	0.48	0.472	-0.8140000000000001	0.106	3
0	14	0	-3.743	3.629	-0.8740000000000001	-0.79	-0.312	1.759	0.679	0.565	-0.521	-0.485	9
0	14	0	-3.952	2.489	0.287	0.012	0.141	0.892	-0.087	0.613	-0.685	-0.623	4
0	14	0	-4.211	2.8110000000000004	0.016	0.799	0.514	0.496	-1.219	-0.238	-0.7979999999999999	-0.392	10
0	14	0	-3.309	2.256	-0.615	0.365	0.251	0.439	0.011	0.119	-1.219	0.695	7
0	14	0	-3.5	0.068	0.5329999999999999	1.876	0.363	0.542	-0.982	-0.6709999999999999	-1.006	1.101	8
0	14	0	-3.62	1.0659999999999998	0.158	1.393	0.879	1.02	-0.09	0.087	-1.3330000000000002	0.585	2
0	14	0	-3.468	1.81	-0.39	1.55	-0.084	-0.008	-0.482	-0.231	-0.7240000000000001	0.967	1
0	14	0	-2.795	1.957	-1.259	0.79	-0.274	0.078	-0.114	0.005	-0.309	1.142	0
0	14	0	-3.002	2.944	-1.379	-0.188	-0.131	0.957	0.34600000000000003	-0.392	-0.711	0.617	5
0	14	0	-2.924	2.7310000000000003	-1.138	0.066	0.1	0.6829999999999999	0.162	-0.399	-0.882	0.8270000000000001	6
0	14	0	-3.239	3.083	-1.4269999999999998	-0.202	-0.282	1.421	0.5760000000000001	0.068	-0.914	0.147	3
0	14	0	-3.753	3.605	-0.899	-0.747	-0.401	1.765	0.62	0.754	-0.835	-0.301	9
0	14	0	-3.98	2.459	0.068	0.023	0.237	1.029	-0.189	0.521	-0.773	-0.5	4
0	14	0	-4.2639999999999985	2.925	0.065	0.794	0.32299999999999995	0.515	-1.2819999999999998	-0.14	-0.863	-0.39	10
0	14	0	-3.2910000000000004	2.324	-0.679	0.285	0.441	0.557	-0.227	0.115	-1.046	0.6970000000000001	7
