Status	Duration	Credit-history	Purpose	Credit	Savings-account	Employment	Installment-rate	Personal-status	Debtors	Residence-time	Property	Age	Installments	Housing	Existing-credits	Job	Liable-people	Telephone	Foreign	class
2	42.0	4	6	7166.0	4	3	2.0	2	2	4.0	0	29.0	1	2	1.0	1	1.0	0	1	1
2	18.0	4	6	1126.0	4	1	4.0	0	2	2.0	3	21.0	1	2	1.0	1	1.0	0	1	1
1	24.0	4	3	4351.0	4	0	1.0	0	2	4.0	0	48.0	1	1	1.0	3	1.0	0	1	1
0	12.0	4	2	1200.0	4	0	4.0	0	2	4.0	0	23.0	0	2	1.0	1	1.0	0	1	1
2	12.0	4	6	1963.0	1	3	4.0	3	2	2.0	1	31.0	1	2	2.0	0	2.0	0	1	1
2	12.0	2	6	1291.0	1	0	4.0	0	2	2.0	0	35.0	1	1	2.0	1	1.0	1	1	1
0	14.0	4	4	3973.0	1	4	1.0	3	2	4.0	2	22.0	1	0	1.0	1	1.0	1	1	1
2	18.0	2	6	1098.0	1	4	4.0	0	2	4.0	1	65.0	1	1	2.0	2	1.0	1	1	1
2	9.0	4	1	1236.0	1	1	1.0	0	2	4.0	3	23.0	1	2	1.0	1	1.0	0	1	1
2	12.0	2	2	2012.0	4	3	4.0	0	2	2.0	1	61.0	1	1	1.0	1	1.0	1	1	1
2	24.0	2	4	2463.0	2	3	4.0	2	2	3.0	0	27.0	1	1	2.0	1	1.0	0	1	1
2	24.0	2	4	2022.0	1	0	4.0	0	2	4.0	1	37.0	1	1	1.0	1	1.0	0	1	1
2	4.0	2	6	1503.0	1	3	2.0	3	2	1.0	3	42.0	1	1	2.0	3	2.0	1	1	1
1	36.0	4	6	2323.0	1	3	4.0	3	2	4.0	1	24.0	1	2	1.0	1	1.0	1	1	1
1	7.0	4	6	2576.0	1	0	2.0	3	1	2.0	3	35.0	1	1	1.0	1	1.0	1	1	1
2	24.0	2	5	6314.0	1	4	4.0	3	0	2.0	2	27.0	0	1	2.0	0	1.0	0	1	1
2	15.0	4	3	2186.0	4	3	1.0	0	2	4.0	3	33.0	0	2	1.0	3	1.0	1	1	1
2	12.0	2	0	1185.0	1	0	3.0	0	2	2.0	3	27.0	1	1	2.0	1	1.0	1	1	1
2	15.0	3	9	3594.0	1	1	1.0	0	2	2.0	0	46.0	1	1	2.0	3	1.0	1	1	1
2	24.0	4	4	3757.0	1	2	4.0	0	0	4.0	2	62.0	1	0	1.0	1	1.0	0	1	1
2	24.0	4	6	999.0	4	2	4.0	3	2	2.0	1	25.0	1	1	2.0	1	1.0	1	1	1
0	15.0	2	3	975.0	1	0	2.0	1	2	3.0	0	25.0	1	1	2.0	1	1.0	1	1	1
2	12.0	4	9	2445.0	4	1	2.0	2	2	4.0	1	26.0	1	2	1.0	1	1.0	0	1	1
0	12.0	4	4	3651.0	3	0	1.0	3	2	3.0	0	31.0	1	1	1.0	1	2.0	1	1	1
3	24.0	4	3	3749.0	1	1	2.0	0	2	4.0	1	26.0	1	1	1.0	1	1.0	1	1	1
1	12.0	2	3	3617.0	1	2	1.0	3	2	4.0	1	28.0	1	2	3.0	1	1.0	0	1	1
2	21.0	4	4	2782.0	0	3	1.0	0	2	2.0	1	31.0	0	1	1.0	0	1.0	1	1	1
2	6.0	4	6	518.0	1	0	3.0	0	2	1.0	3	29.0	1	1	1.0	1	1.0	1	1	1
1	6.0	3	3	1050.0	1	4	4.0	3	2	1.0	0	35.0	2	1	2.0	0	1.0	0	1	1
2	24.0	2	7	5507.0	1	2	3.0	3	2	4.0	2	44.0	1	0	2.0	1	1.0	1	1	1
0	30.0	2	9	6187.0	2	3	1.0	2	2	4.0	1	24.0	1	2	2.0	1	1.0	1	1	1
1	18.0	4	2	1239.0	4	0	4.0	3	2	4.0	2	61.0	1	0	1.0	1	1.0	1	1	1
2	24.0	4	6	1533.0	1	1	4.0	0	2	3.0	1	38.0	2	1	1.0	1	1.0	0	1	1
2	24.0	3	3	4151.0	2	0	2.0	3	2	3.0	0	35.0	1	1	2.0	1	1.0	1	1	1
0	10.0	2	3	2132.0	4	1	2.0	0	0	3.0	3	27.0	1	2	2.0	1	1.0	1	0	1
0	36.0	4	4	3249.0	1	3	2.0	3	2	4.0	2	39.0	0	0	1.0	0	2.0	0	1	1
2	18.0	2	6	2404.0	1	0	2.0	0	2	2.0	1	26.0	1	1	2.0	1	1.0	1	1	1
0	12.0	2	9	1409.0	1	2	4.0	3	2	3.0	3	54.0	1	1	1.0	1	1.0	1	1	1
3	15.0	2	9	2360.0	0	0	2.0	3	2	2.0	1	36.0	1	1	1.0	1	1.0	0	1	1
2	24.0	2	6	2611.0	1	2	4.0	2	0	3.0	3	46.0	1	1	2.0	1	1.0	1	1	1
1	36.0	4	6	4795.0	1	1	4.0	0	2	1.0	2	30.0	1	1	1.0	0	1.0	0	1	1
0	10.0	2	4	1038.0	1	3	4.0	3	0	3.0	0	49.0	1	1	2.0	1	1.0	0	1	1
2	24.0	2	4	1287.0	3	2	4.0	0	2	4.0	3	37.0	1	1	2.0	1	1.0	0	1	1
2	12.0	2	6	522.0	0	2	4.0	3	2	4.0	0	42.0	1	1	2.0	1	2.0	0	1	1
2	24.0	2	3	5150.0	1	2	4.0	3	2	4.0	1	33.0	1	1	1.0	1	1.0	0	1	1
0	12.0	2	9	1526.0	1	2	4.0	3	2	4.0	2	66.0	1	0	2.0	0	1.0	1	1	1
2	6.0	3	6	932.0	1	0	3.0	0	2	2.0	3	24.0	1	1	1.0	1	1.0	1	1	1
2	12.0	4	6	1493.0	1	1	4.0	0	2	3.0	1	34.0	1	1	1.0	1	2.0	1	1	1
0	13.0	2	0	1797.0	1	1	3.0	3	2	1.0	0	28.0	0	1	2.0	3	1.0	1	1	1
2	10.0	4	9	2848.0	2	0	1.0	3	0	2.0	3	32.0	1	1	1.0	1	2.0	1	1	1
2	24.0	3	4	2032.0	1	2	4.0	3	2	4.0	2	60.0	1	0	2.0	1	1.0	0	1	1
2	24.0	4	4	1249.0	1	1	4.0	2	2	2.0	3	28.0	1	1	1.0	1	1.0	1	1	1
0	6.0	2	4	860.0	1	2	1.0	0	2	4.0	2	39.0	1	1	2.0	1	1.0	0	1	1
2	36.0	2	9	5842.0	1	2	2.0	3	2	2.0	0	35.0	1	1	2.0	1	2.0	0	1	1
3	12.0	4	6	1297.0	1	0	3.0	2	2	4.0	3	23.0	1	2	1.0	1	1.0	1	1	1
1	24.0	4	6	1967.0	1	2	4.0	0	2	4.0	1	20.0	1	1	1.0	1	1.0	0	1	1
0	12.0	4	3	1620.0	1	0	2.0	0	0	3.0	0	30.0	1	1	1.0	1	1.0	1	1	1
0	18.0	3	2	8471.0	4	0	1.0	0	2	2.0	1	23.0	1	2	2.0	1	1.0	0	1	1
0	6.0	4	3	1374.0	1	0	1.0	3	2	2.0	3	36.0	0	1	1.0	3	1.0	0	1	1
2	12.0	2	2	2748.0	1	2	2.0	0	2	4.0	2	57.0	0	0	3.0	3	1.0	1	1	1
2	12.0	2	3	5801.0	4	2	2.0	3	2	4.0	0	49.0	1	2	1.0	1	1.0	0	1	1
2	12.0	2	6	2331.0	4	2	1.0	3	0	4.0	3	49.0	1	1	1.0	1	1.0	0	1	1
1	12.0	2	4	1995.0	2	1	4.0	3	2	1.0	1	27.0	1	1	1.0	1	1.0	1	1	1
3	36.0	4	6	3913.0	1	0	2.0	3	2	2.0	3	23.0	1	1	1.0	1	1.0	0	1	1
0	12.0	2	4	2171.0	1	0	4.0	3	2	4.0	0	38.0	0	1	2.0	3	1.0	1	0	1
1	60.0	3	6	9157.0	4	0	2.0	3	2	2.0	2	27.0	1	0	1.0	0	1.0	1	1	1
2	6.0	4	6	2108.0	1	3	2.0	2	2	2.0	3	29.0	1	2	1.0	1	1.0	1	1	1
3	36.0	4	6	5848.0	1	0	4.0	3	2	1.0	1	24.0	1	1	1.0	1	1.0	1	1	1
0	12.0	4	6	1680.0	0	2	3.0	2	2	1.0	3	35.0	1	1	1.0	1	1.0	1	1	1
0	24.0	1	3	2828.0	0	0	4.0	3	2	4.0	3	22.0	2	1	1.0	1	1.0	0	1	1
1	12.0	4	7	639.0	1	0	4.0	3	2	2.0	1	30.0	1	1	1.0	1	1.0	1	1	0
1	24.0	4	9	11560.0	1	0	1.0	0	2	4.0	1	23.0	1	2	2.0	0	1.0	1	1	0
0	9.0	4	6	1366.0	1	1	3.0	0	2	4.0	0	22.0	1	2	1.0	1	1.0	1	1	0
0	48.0	4	9	10297.0	1	3	4.0	3	2	4.0	2	39.0	2	0	3.0	1	2.0	0	1	0
0	24.0	4	3	3345.0	1	2	4.0	3	2	2.0	0	39.0	1	2	1.0	0	1.0	0	1	0
0	27.0	0	0	5293.0	1	4	2.0	3	2	4.0	0	50.0	2	1	2.0	1	1.0	0	1	0
3	36.0	4	6	4210.0	1	0	4.0	3	2	2.0	1	26.0	1	1	1.0	1	1.0	1	1	0
0	18.0	4	2	750.0	1	4	4.0	0	2	1.0	3	27.0	1	1	1.0	2	1.0	1	1	0
1	72.0	4	6	5595.0	2	0	2.0	2	2	2.0	1	24.0	1	1	1.0	1	1.0	1	1	0
1	12.0	4	6	6468.0	4	4	2.0	3	2	1.0	2	52.0	1	1	1.0	0	1.0	0	1	0
1	24.0	4	9	12579.0	1	2	4.0	0	2	2.0	2	44.0	1	0	1.0	0	1.0	0	1	0
0	15.0	4	1	1275.0	4	0	4.0	0	2	2.0	1	24.0	1	2	1.0	1	1.0	1	1	0
2	21.0	0	4	5003.0	4	0	1.0	0	2	4.0	0	29.0	0	1	2.0	1	1.0	0	1	0
2	12.0	4	2	719.0	1	2	4.0	3	2	4.0	1	41.0	0	1	1.0	3	2.0	1	1	0
3	24.0	4	4	947.0	1	3	4.0	3	2	3.0	2	38.0	0	0	1.0	1	2.0	1	1	0
3	12.0	2	4	939.0	0	3	4.0	2	2	2.0	3	28.0	1	1	3.0	1	1.0	0	1	0
0	12.0	4	4	900.0	4	0	4.0	2	2	2.0	1	23.0	1	1	1.0	1	1.0	1	1	0
0	24.0	1	3	3552.0	1	3	3.0	3	2	4.0	1	27.0	0	1	1.0	1	1.0	1	1	0
3	9.0	4	6	745.0	1	0	3.0	0	2	2.0	3	28.0	1	1	1.0	3	1.0	1	1	0
1	15.0	0	4	1778.0	1	1	2.0	0	2	1.0	3	26.0	1	2	2.0	2	1.0	1	1	0
2	36.0	4	3	10974.0	1	4	4.0	0	2	2.0	1	26.0	1	1	2.0	0	1.0	0	1	0
0	12.0	4	2	795.0	1	1	4.0	0	2	4.0	0	53.0	1	1	1.0	1	1.0	1	1	0
2	21.0	3	0	2580.0	0	1	4.0	3	2	2.0	3	41.0	0	1	1.0	3	2.0	1	1	0
1	60.0	1	5	14782.0	2	2	3.0	0	2	4.0	2	60.0	0	0	2.0	0	1.0	0	1	0
1	8.0	4	3	1237.0	1	0	3.0	0	2	4.0	3	24.0	1	1	1.0	1	1.0	1	1	0
1	36.0	4	9	9398.0	1	1	1.0	2	2	4.0	1	28.0	1	2	1.0	0	1.0	0	1	0
0	24.0	1	4	1193.0	1	4	1.0	0	0	4.0	2	29.0	1	2	2.0	2	1.0	1	1	0
1	12.0	4	4	888.0	1	2	4.0	3	2	4.0	1	41.0	0	1	1.0	3	2.0	1	1	0
1	24.0	4	4	1355.0	1	1	3.0	0	2	4.0	1	25.0	1	1	1.0	3	1.0	0	1	0
1	18.0	0	4	2278.0	2	1	3.0	0	2	3.0	1	28.0	1	1	2.0	1	1.0	1	1	0
1	12.0	4	4	1007.0	3	0	4.0	2	2	1.0	3	22.0	1	1	1.0	1	1.0	1	1	1
2	9.0	4	3	2301.0	2	1	2.0	0	2	4.0	0	22.0	1	2	1.0	1	1.0	1	1	1
0	12.0	4	3	1858.0	1	1	4.0	0	2	1.0	1	22.0	1	2	1.0	1	1.0	1	1	1
2	60.0	4	4	6527.0	4	0	4.0	3	2	4.0	2	34.0	1	0	1.0	1	2.0	0	1	1
2	24.0	2	6	1516.0	3	0	4.0	0	2	1.0	3	43.0	1	1	2.0	3	1.0	1	1	1
2	24.0	4	9	2679.0	1	1	4.0	0	2	1.0	2	29.0	1	1	1.0	0	1.0	0	1	1
0	6.0	4	6	2647.0	0	0	2.0	3	2	3.0	3	44.0	1	2	1.0	1	2.0	1	1	1
1	24.0	4	4	3512.0	2	3	2.0	3	2	3.0	1	38.0	0	1	2.0	1	1.0	0	1	1
2	21.0	3	3	1591.0	2	3	4.0	3	2	3.0	3	34.0	1	1	2.0	0	1.0	1	1	1
1	21.0	2	3	2745.0	3	3	3.0	3	2	2.0	1	32.0	1	1	2.0	1	1.0	0	1	1
2	24.0	2	2	1597.0	1	2	4.0	3	2	4.0	2	54.0	1	0	2.0	1	2.0	1	1	1
2	24.0	4	4	1474.0	2	1	4.0	2	2	3.0	3	33.0	1	1	1.0	1	1.0	0	1	1
2	24.0	4	6	3105.0	4	1	4.0	3	2	2.0	1	25.0	1	1	2.0	1	1.0	1	1	1
0	20.0	4	3	2212.0	4	3	4.0	3	2	4.0	1	39.0	1	1	1.0	1	1.0	0	1	1
0	30.0	0	0	8072.0	4	1	2.0	3	2	3.0	1	25.0	0	1	3.0	1	1.0	1	1	1
0	24.0	4	9	6579.0	1	4	4.0	3	2	2.0	2	29.0	1	0	1.0	0	1.0	0	1	1
2	24.0	4	6	1552.0	1	3	3.0	3	2	1.0	1	32.0	0	1	1.0	1	2.0	1	1	1
1	6.0	3	0	1449.0	2	2	1.0	1	2	2.0	1	31.0	0	1	2.0	1	2.0	1	1	1
2	12.0	2	3	1402.0	0	3	3.0	0	2	4.0	1	37.0	1	2	1.0	1	1.0	0	1	1
0	30.0	4	3	3622.0	3	2	4.0	0	2	4.0	0	57.0	1	2	2.0	1	1.0	0	1	1
2	11.0	2	6	1154.0	2	4	4.0	0	2	4.0	3	57.0	1	1	3.0	3	1.0	1	1	1
1	12.0	2	9	1860.0	1	4	4.0	3	2	2.0	1	34.0	1	1	2.0	0	1.0	0	1	1
0	6.0	4	4	1374.0	4	4	4.0	0	2	3.0	0	75.0	1	1	1.0	0	1.0	0	1	1
2	20.0	2	4	3485.0	4	1	2.0	1	2	4.0	3	44.0	1	1	2.0	1	1.0	0	1	1
2	18.0	2	6	2238.0	1	0	2.0	0	2	1.0	1	25.0	1	1	2.0	1	1.0	1	1	1
2	6.0	1	6	1750.0	0	2	2.0	3	2	4.0	0	45.0	0	1	1.0	3	2.0	1	1	1
1	12.0	4	9	2028.0	4	0	4.0	3	2	2.0	1	30.0	1	1	1.0	1	1.0	1	1	1
3	10.0	4	3	1275.0	1	1	4.0	0	2	2.0	0	23.0	1	1	1.0	1	1.0	1	1	1
2	6.0	2	4	2080.0	0	0	1.0	2	2	2.0	1	24.0	1	1	1.0	1	1.0	1	1	1
2	12.0	2	2	2096.0	1	3	2.0	3	2	3.0	3	49.0	1	1	1.0	3	2.0	1	1	1
0	27.0	2	0	2442.0	1	2	4.0	3	2	4.0	1	43.0	2	1	4.0	0	2.0	0	1	1
2	21.0	2	9	3275.0	1	2	1.0	3	2	4.0	1	36.0	1	1	1.0	0	1.0	0	1	1
1	18.0	4	0	1941.0	3	0	4.0	3	2	2.0	0	35.0	1	1	1.0	3	1.0	0	1	1
2	24.0	4	6	1278.0	1	2	4.0	3	2	1.0	3	36.0	1	1	1.0	0	1.0	0	1	1
2	12.0	4	6	886.0	4	0	4.0	0	2	2.0	1	21.0	1	1	1.0	1	1.0	1	1	1
2	22.0	4	6	2675.0	0	2	3.0	3	2	4.0	1	40.0	1	1	1.0	1	1.0	1	1	1
0	6.0	4	9	1352.0	0	4	1.0	0	2	2.0	0	23.0	1	2	1.0	2	1.0	0	1	1
2	24.0	4	3	2835.0	0	2	3.0	3	2	4.0	0	53.0	1	1	1.0	1	1.0	1	1	1
0	24.0	2	9	6419.0	1	2	2.0	0	2	4.0	2	44.0	1	0	2.0	0	2.0	0	1	1
2	12.0	4	6	3077.0	1	0	2.0	3	2	4.0	1	52.0	1	1	1.0	1	1.0	0	1	1
3	12.0	4	6	3016.0	1	0	3.0	2	2	1.0	1	24.0	1	1	1.0	1	1.0	1	1	1
2	36.0	4	6	2394.0	4	0	4.0	0	2	4.0	1	25.0	1	1	1.0	1	1.0	1	1	1
1	48.0	3	5	7582.0	2	4	2.0	3	2	4.0	2	31.0	1	0	1.0	0	1.0	0	1	1
1	42.0	1	9	9283.0	1	4	1.0	3	2	2.0	2	55.0	0	0	1.0	0	1.0	0	1	1
0	6.0	2	3	1872.0	1	4	4.0	3	2	4.0	2	36.0	1	0	3.0	0	1.0	0	1	1
2	12.0	2	3	3331.0	1	2	2.0	3	2	4.0	0	42.0	2	1	1.0	1	1.0	1	1	1
1	18.0	4	6	1113.0	1	0	4.0	0	1	4.0	3	26.0	1	1	1.0	3	2.0	1	1	1
2	28.0	2	6	2743.0	1	2	4.0	3	2	2.0	1	29.0	1	1	2.0	1	1.0	1	1	1
1	18.0	2	3	1295.0	1	1	4.0	0	2	1.0	0	27.0	1	1	2.0	1	1.0	1	1	1
0	18.0	4	4	2249.0	2	3	4.0	3	2	3.0	1	30.0	1	1	1.0	0	2.0	0	1	1
0	21.0	4	3	3599.0	1	3	1.0	0	2	4.0	1	26.0	1	2	1.0	3	1.0	1	1	1
1	18.0	2	3	6361.0	1	2	2.0	3	2	1.0	2	41.0	1	1	1.0	1	1.0	0	1	1
2	12.0	4	6	2279.0	4	0	4.0	3	2	4.0	2	37.0	1	0	1.0	1	1.0	0	1	1
0	12.0	4	6	1107.0	1	0	2.0	3	2	2.0	3	20.0	1	2	1.0	0	2.0	0	1	1
1	9.0	2	6	1154.0	1	2	2.0	3	2	4.0	3	37.0	1	1	3.0	3	1.0	1	1	1
2	6.0	4	4	672.0	1	4	1.0	0	2	4.0	3	54.0	1	1	1.0	2	1.0	0	1	1
2	6.0	4	7	660.0	0	3	2.0	2	2	4.0	3	23.0	1	2	1.0	3	1.0	1	1	1
2	22.0	4	4	1283.0	4	3	4.0	0	2	4.0	0	25.0	1	2	1.0	1	1.0	1	1	1
2	6.0	4	4	3518.0	1	0	2.0	3	1	3.0	0	26.0	1	2	1.0	1	1.0	1	1	1
2	30.0	2	6	5954.0	1	3	3.0	3	0	2.0	1	38.0	1	1	1.0	1	1.0	1	1	1
1	12.0	4	6	1092.0	1	0	4.0	0	1	4.0	3	49.0	1	1	2.0	1	1.0	0	1	1
3	42.0	0	0	6289.0	1	1	2.0	1	2	1.0	0	33.0	1	1	2.0	1	1.0	1	1	1
2	15.0	4	9	3812.0	2	1	1.0	0	2	4.0	1	23.0	1	1	1.0	1	1.0	0	1	1
2	12.0	4	6	804.0	1	2	4.0	3	2	4.0	1	38.0	1	1	1.0	1	1.0	1	1	1
0	48.0	4	9	4788.0	1	3	4.0	3	2	3.0	0	26.0	1	1	1.0	1	2.0	1	1	1
2	12.0	2	0	1264.0	4	2	4.0	3	2	4.0	2	57.0	1	2	1.0	3	1.0	1	1	1
1	24.0	3	6	1553.0	2	3	3.0	0	2	2.0	0	23.0	1	2	2.0	1	1.0	0	1	1
2	5.0	4	0	3448.0	1	3	1.0	3	2	4.0	3	74.0	1	1	1.0	3	1.0	1	1	1
2	12.0	2	3	1592.0	3	3	3.0	0	2	2.0	0	35.0	1	1	1.0	1	1.0	1	0	1
3	24.0	4	6	1258.0	0	0	3.0	0	2	3.0	1	57.0	1	1	1.0	3	1.0	1	1	1
1	36.0	2	4	2820.0	1	1	4.0	1	2	4.0	1	27.0	1	1	2.0	1	1.0	1	1	0
2	48.0	4	0	3914.0	4	0	4.0	1	2	2.0	3	38.0	0	1	1.0	1	1.0	1	1	0
1	15.0	4	6	802.0	1	2	4.0	3	2	3.0	1	37.0	1	1	1.0	1	2.0	1	1	0
1	12.0	0	3	2969.0	1	1	4.0	0	2	3.0	0	25.0	1	2	2.0	1	1.0	1	1	0
0	18.0	4	6	1882.0	1	0	4.0	0	2	4.0	1	25.0	0	2	2.0	1	1.0	1	1	0
1	60.0	4	4	14027.0	1	3	4.0	3	2	2.0	2	27.0	1	1	1.0	0	1.0	0	1	0
3	9.0	0	6	1337.0	1	1	4.0	3	2	2.0	1	34.0	1	1	2.0	0	1.0	0	1	0
1	24.0	4	6	3092.0	2	1	3.0	2	2	2.0	1	22.0	1	2	1.0	1	1.0	0	1	0
0	60.0	4	0	7297.0	1	2	4.0	3	0	4.0	2	36.0	1	2	1.0	1	1.0	1	1	0
2	24.0	4	6	2397.0	0	2	3.0	3	2	2.0	1	35.0	0	1	2.0	1	1.0	0	1	0
1	54.0	0	0	15945.0	1	1	3.0	3	2	4.0	2	58.0	1	2	1.0	1	1.0	0	1	0
1	36.0	3	0	4455.0	1	0	2.0	1	2	2.0	3	30.0	2	1	2.0	0	1.0	0	1	0
0	6.0	4	2	448.0	1	1	4.0	0	2	4.0	0	23.0	1	1	1.0	1	1.0	1	1	0
0	36.0	4	3	2712.0	1	2	2.0	3	2	2.0	0	41.0	0	1	1.0	1	2.0	1	1	0
0	24.0	0	3	4110.0	1	2	3.0	3	2	4.0	2	23.0	0	2	2.0	1	2.0	1	1	0
0	24.0	4	4	1442.0	1	3	4.0	0	2	4.0	1	23.0	1	2	2.0	1	1.0	1	1	0
0	45.0	0	0	11816.0	1	2	2.0	3	2	4.0	1	29.0	1	2	2.0	1	1.0	1	1	0
0	24.0	4	3	2996.0	4	0	2.0	2	2	4.0	1	20.0	1	1	1.0	1	1.0	1	1	0
1	15.0	4	4	2631.0	2	0	2.0	0	2	4.0	1	28.0	1	2	2.0	1	1.0	0	1	0
0	48.0	4	6	6758.0	1	0	3.0	0	2	2.0	1	31.0	1	1	1.0	1	1.0	0	1	0
0	18.0	4	4	1216.0	1	1	4.0	0	2	3.0	1	23.0	1	2	1.0	1	1.0	0	1	0
1	36.0	0	0	1953.0	1	2	4.0	3	2	4.0	2	61.0	1	0	1.0	0	1.0	0	1	0
0	42.0	3	6	4370.0	1	3	3.0	3	2	2.0	0	26.0	0	1	2.0	1	2.0	0	1	0
1	45.0	2	6	4746.0	1	1	4.0	3	2	2.0	0	25.0	1	1	2.0	3	1.0	1	1	0
2	18.0	2	2	1864.0	2	0	4.0	0	2	2.0	3	30.0	1	1	2.0	1	1.0	1	1	0
1	15.0	1	4	6850.0	2	4	1.0	3	2	2.0	0	34.0	1	1	1.0	0	2.0	0	1	0
0	24.0	4	4	915.0	4	2	4.0	0	2	2.0	1	29.0	0	1	1.0	1	1.0	1	1	0
1	21.0	4	0	1188.0	1	2	2.0	0	2	4.0	0	39.0	1	1	1.0	1	2.0	1	1	0
0	40.0	2	2	5998.0	1	0	4.0	3	2	3.0	2	27.0	0	1	1.0	1	1.0	0	1	0
2	36.0	2	3	7127.0	1	1	2.0	0	2	4.0	0	23.0	1	2	2.0	1	1.0	0	1	0
0	15.0	2	3	1478.0	1	2	4.0	3	2	4.0	1	44.0	1	1	2.0	1	2.0	0	1	1
2	18.0	4	3	2515.0	1	0	3.0	3	2	4.0	3	43.0	1	1	1.0	1	1.0	0	1	1
1	20.0	3	9	7057.0	4	3	3.0	3	2	4.0	0	36.0	0	2	2.0	0	2.0	0	1	1
1	12.0	4	0	1037.0	2	3	3.0	3	2	4.0	3	39.0	1	1	1.0	3	1.0	1	1	1
2	36.0	3	3	7678.0	0	3	2.0	0	2	4.0	1	40.0	1	1	2.0	1	1.0	0	1	1
2	18.0	2	4	1055.0	1	1	4.0	0	2	1.0	0	30.0	1	1	2.0	1	1.0	1	1	1
1	9.0	4	6	458.0	1	0	4.0	3	2	3.0	3	24.0	1	1	1.0	1	1.0	1	1	1
1	8.0	4	6	760.0	1	3	4.0	0	1	2.0	3	44.0	1	1	1.0	3	1.0	1	1	1
2	12.0	4	6	2171.0	1	1	2.0	0	2	2.0	1	29.0	0	1	1.0	1	1.0	1	1	1
2	15.0	4	4	3556.0	4	0	3.0	3	2	2.0	2	29.0	1	1	1.0	1	1.0	1	1	1
1	12.0	4	6	1567.0	1	0	1.0	0	2	1.0	1	22.0	1	1	1.0	1	1.0	0	1	1
2	6.0	2	3	1221.0	4	0	1.0	2	2	2.0	0	27.0	1	1	2.0	1	1.0	1	1	1
2	12.0	2	7	996.0	4	3	4.0	0	2	4.0	3	23.0	1	1	2.0	1	1.0	1	1	1
2	24.0	4	6	1311.0	2	3	4.0	2	2	3.0	0	26.0	1	1	1.0	1	1.0	0	1	1
2	6.0	2	4	362.0	2	0	4.0	0	2	4.0	1	52.0	1	1	2.0	3	1.0	1	1	1
0	6.0	2	6	1957.0	1	3	1.0	0	2	4.0	1	31.0	1	1	1.0	1	1.0	1	1	1
0	21.0	2	4	571.0	1	2	4.0	3	2	4.0	3	65.0	1	1	2.0	1	1.0	1	1	1
2	12.0	4	6	1262.0	1	0	3.0	3	2	2.0	1	25.0	1	1	1.0	1	1.0	1	1	1
2	10.0	4	8	894.0	4	3	4.0	0	2	3.0	0	40.0	1	1	1.0	1	1.0	0	1	1
2	12.0	4	6	2073.0	2	0	4.0	0	0	2.0	3	28.0	1	1	1.0	1	1.0	1	1	1
2	42.0	2	3	4042.0	0	0	4.0	3	2	4.0	3	36.0	1	1	2.0	1	1.0	0	1	1
0	15.0	4	4	1721.0	1	1	2.0	3	2	3.0	3	36.0	1	1	1.0	1	1.0	1	1	1
1	18.0	2	3	3612.0	1	2	3.0	0	2	4.0	0	37.0	1	1	1.0	1	1.0	0	1	1
2	36.0	4	0	5742.0	2	3	2.0	3	2	2.0	1	31.0	1	1	2.0	1	1.0	0	1	1
2	36.0	4	4	909.0	0	2	4.0	3	2	4.0	0	36.0	1	1	1.0	1	1.0	1	1	1
2	15.0	4	3	2708.0	1	1	2.0	3	2	3.0	0	27.0	0	1	2.0	3	1.0	1	1	1
2	11.0	4	0	2142.0	3	2	1.0	1	2	2.0	3	28.0	1	1	1.0	1	1.0	0	1	1
2	10.0	4	4	1418.0	2	0	3.0	3	2	2.0	3	35.0	1	2	1.0	3	1.0	1	0	1
3	18.0	4	3	3049.0	1	1	1.0	0	2	1.0	0	45.0	2	1	1.0	3	1.0	1	1	1
1	45.0	2	9	4576.0	2	4	3.0	3	2	4.0	1	27.0	1	1	1.0	1	1.0	1	1	1
0	6.0	2	4	3676.0	1	0	1.0	3	2	3.0	3	37.0	1	2	3.0	1	2.0	1	1	1
1	9.0	2	3	1919.0	1	3	4.0	3	2	3.0	1	35.0	1	2	1.0	1	1.0	0	1	1
0	12.0	2	4	2121.0	1	0	4.0	3	2	2.0	0	30.0	1	1	2.0	1	1.0	1	1	1
1	12.0	4	4	2002.0	1	3	3.0	3	2	4.0	0	30.0	1	2	1.0	1	2.0	0	1	1
2	6.0	4	6	1346.0	2	2	2.0	3	2	4.0	2	42.0	0	0	1.0	1	2.0	0	1	1
1	48.0	3	0	6681.0	4	0	4.0	3	2	4.0	2	38.0	1	0	1.0	1	2.0	0	1	1
2	33.0	2	9	7253.0	1	3	3.0	3	2	2.0	1	35.0	1	1	2.0	0	1.0	0	1	1
3	6.0	2	4	1299.0	1	0	1.0	3	2	1.0	3	74.0	1	1	3.0	2	2.0	1	0	1
1	12.0	2	1	1424.0	1	3	4.0	3	2	3.0	0	26.0	1	1	1.0	1	1.0	1	1	1
0	24.0	1	9	3632.0	1	0	1.0	0	1	4.0	1	22.0	0	2	1.0	1	1.0	1	0	1
0	24.0	1	3	2483.0	0	0	4.0	3	2	4.0	3	22.0	2	1	1.0	1	1.0	0	1	1
1	11.0	4	3	1577.0	3	1	4.0	0	2	1.0	3	20.0	1	1	1.0	1	1.0	1	1	1
0	30.0	4	9	3857.0	1	0	4.0	1	2	4.0	0	40.0	1	1	1.0	0	1.0	0	1	1
2	24.0	2	3	1585.0	1	3	4.0	3	2	3.0	0	40.0	1	1	2.0	1	1.0	1	1	1
2	18.0	4	6	2051.0	1	1	4.0	3	2	1.0	3	33.0	1	1	1.0	1	1.0	1	1	1
3	6.0	2	4	1323.0	2	2	2.0	1	2	4.0	1	28.0	1	1	2.0	1	2.0	0	1	1
2	24.0	2	9	2346.0	1	3	4.0	3	2	3.0	1	35.0	1	1	2.0	1	1.0	0	1	1
3	24.0	4	3	2892.0	1	2	3.0	1	2	4.0	2	51.0	1	0	1.0	1	1.0	1	1	1
2	15.0	1	6	1569.0	2	2	4.0	3	2	4.0	1	34.0	0	1	1.0	3	2.0	1	1	1
0	21.0	4	6	2606.0	1	1	4.0	0	2	4.0	0	28.0	1	2	1.0	0	1.0	0	1	1
1	30.0	1	3	3496.0	3	0	4.0	3	2	2.0	1	34.0	2	1	1.0	1	2.0	0	1	1
2	48.0	2	6	3578.0	4	2	4.0	3	2	1.0	3	47.0	1	1	1.0	1	1.0	0	1	1
2	24.0	4	9	9277.0	4	0	2.0	1	2	4.0	2	48.0	1	0	1.0	1	1.0	0	1	1
0	18.0	4	3	2659.0	3	0	4.0	3	2	2.0	1	28.0	1	1	1.0	1	1.0	1	1	1
2	18.0	2	6	1800.0	1	0	4.0	3	2	2.0	1	24.0	1	1	2.0	1	1.0	1	1	1
2	12.0	2	6	1655.0	1	2	2.0	3	2	4.0	3	63.0	1	1	2.0	3	1.0	0	1	1
2	12.0	4	2	1393.0	1	2	4.0	3	2	4.0	0	47.0	0	1	3.0	1	2.0	0	1	1
0	12.0	4	4	1168.0	1	0	4.0	2	2	3.0	3	27.0	1	1	1.0	3	1.0	1	1	1
1	15.0	2	6	1537.0	4	2	4.0	3	1	4.0	3	50.0	1	1	2.0	1	1.0	0	1	1
2	24.0	4	6	1901.0	2	0	4.0	3	2	4.0	1	29.0	1	2	1.0	0	1.0	0	1	1
2	24.0	4	3	3972.0	1	3	2.0	0	2	4.0	0	25.0	1	2	1.0	1	1.0	0	1	1
2	21.0	4	9	5248.0	4	0	1.0	3	2	3.0	1	26.0	1	1	1.0	1	1.0	1	1	1
2	9.0	4	3	1388.0	1	0	4.0	0	2	2.0	3	26.0	1	2	1.0	1	1.0	1	1	1
0	18.0	4	6	1936.0	4	3	2.0	2	2	4.0	1	23.0	1	2	2.0	3	1.0	1	1	1
1	24.0	4	6	2896.0	2	1	2.0	3	2	1.0	1	29.0	1	1	1.0	1	1.0	1	1	1
3	24.0	2	6	3148.0	4	0	3.0	3	2	2.0	1	31.0	1	1	2.0	1	1.0	0	1	1
0	24.0	4	3	4020.0	1	0	2.0	3	2	2.0	1	27.0	2	1	1.0	1	1.0	1	1	1
2	30.0	3	0	4272.0	2	0	2.0	3	2	2.0	0	26.0	1	1	2.0	3	1.0	1	1	1
2	12.0	2	6	930.0	4	2	4.0	3	2	4.0	3	65.0	1	1	4.0	1	1.0	1	1	1
3	6.0	2	2	1047.0	1	0	2.0	0	2	4.0	0	50.0	1	1	1.0	3	1.0	1	1	1
1	60.0	4	4	7408.0	2	1	4.0	0	2	2.0	0	24.0	1	1	1.0	0	1.0	1	1	0
2	27.0	4	4	2570.0	1	0	3.0	0	2	3.0	3	21.0	1	2	1.0	1	1.0	1	1	0
0	30.0	4	3	2406.0	1	3	4.0	0	2	4.0	3	23.0	1	2	1.0	1	1.0	1	1	0
0	18.0	2	7	1190.0	1	4	2.0	0	2	4.0	2	55.0	1	0	3.0	2	2.0	1	1	0
0	12.0	2	4	691.0	1	2	4.0	3	2	3.0	0	35.0	1	1	2.0	1	1.0	1	1	0
0	42.0	4	6	3965.0	1	1	4.0	3	2	3.0	1	34.0	1	1	1.0	1	1.0	1	1	0
1	12.0	4	6	766.0	0	0	4.0	3	2	3.0	3	66.0	1	1	1.0	3	1.0	1	1	0
0	24.0	4	4	2303.0	1	2	4.0	3	0	1.0	3	45.0	1	1	1.0	1	1.0	1	1	0
1	45.0	4	6	3031.0	2	0	4.0	3	1	4.0	0	21.0	1	2	1.0	1	1.0	1	1	0
2	18.0	0	0	4165.0	1	0	2.0	3	2	2.0	1	36.0	2	1	2.0	1	2.0	1	1	0
1	24.0	0	0	4241.0	1	0	1.0	3	2	4.0	3	36.0	1	1	3.0	3	1.0	0	1	0
0	12.0	0	4	1082.0	1	0	4.0	3	2	4.0	1	48.0	0	1	2.0	1	1.0	1	1	0
2	18.0	4	3	1533.0	1	1	4.0	2	0	1.0	0	43.0	1	1	1.0	3	2.0	1	1	0
0	18.0	4	3	2473.0	1	4	4.0	3	2	1.0	1	25.0	1	1	1.0	2	1.0	1	1	0
0	15.0	0	4	950.0	1	2	4.0	3	2	3.0	1	33.0	1	2	2.0	1	2.0	1	1	0
2	18.0	1	4	6458.0	1	2	2.0	3	2	4.0	2	39.0	0	1	2.0	0	2.0	0	1	0
1	24.0	2	5	11938.0	1	0	2.0	3	0	3.0	1	39.0	1	1	2.0	0	2.0	0	1	0
1	24.0	2	0	1935.0	1	2	4.0	1	2	4.0	3	31.0	1	1	2.0	1	1.0	0	1	0
1	48.0	4	6	10961.0	3	3	1.0	3	0	2.0	2	27.0	0	1	2.0	1	1.0	0	1	0
1	30.0	3	6	1919.0	2	1	4.0	3	2	3.0	2	30.0	2	1	2.0	0	1.0	1	1	0
1	48.0	2	3	5096.0	1	0	2.0	0	2	3.0	1	30.0	1	1	1.0	0	1.0	0	1	0
0	18.0	1	4	1442.0	1	3	4.0	3	2	4.0	2	32.0	1	0	2.0	3	2.0	1	1	0
0	21.0	3	2	3414.0	1	1	2.0	3	2	1.0	0	26.0	1	1	2.0	1	1.0	1	1	0
0	24.0	3	4	1333.0	1	4	4.0	3	2	2.0	3	43.0	1	0	2.0	1	2.0	1	1	0
0	24.0	4	6	1823.0	1	4	4.0	3	2	2.0	1	30.0	2	1	1.0	0	2.0	1	1	0
0	48.0	0	9	4605.0	1	2	3.0	3	2	4.0	2	24.0	1	0	2.0	1	2.0	1	1	0
1	18.0	4	4	1042.0	4	0	4.0	0	2	2.0	0	33.0	1	1	1.0	1	1.0	1	1	0
2	9.0	4	3	1980.0	1	1	2.0	0	0	2.0	1	19.0	1	2	2.0	1	1.0	1	1	0
0	36.0	4	2	1977.0	4	2	4.0	3	2	4.0	2	40.0	1	1	1.0	0	1.0	0	1	0
0	45.0	4	6	1845.0	1	0	4.0	3	2	4.0	2	23.0	1	0	1.0	1	1.0	0	1	0
1	9.0	4	4	3195.0	4	0	1.0	0	2	2.0	3	33.0	1	1	1.0	3	1.0	1	1	1
0	18.0	4	3	3650.0	1	1	1.0	0	2	4.0	1	22.0	1	2	1.0	1	1.0	1	1	1
3	15.0	4	0	2687.0	1	3	2.0	3	2	4.0	0	26.0	1	2	1.0	1	1.0	0	1	1
1	42.0	2	0	5954.0	1	3	2.0	0	2	1.0	3	41.0	0	1	2.0	3	1.0	1	1	1
1	9.0	4	6	2118.0	1	0	2.0	3	2	2.0	3	37.0	1	1	1.0	3	2.0	1	1	1
0	18.0	1	6	1940.0	1	1	3.0	3	0	4.0	2	36.0	0	0	1.0	0	1.0	0	1	1
1	20.0	4	9	6468.0	4	4	1.0	1	2	4.0	3	60.0	1	1	1.0	0	1.0	0	1	1
2	12.0	2	4	682.0	2	3	4.0	0	2	3.0	1	51.0	1	1	2.0	1	1.0	0	1	1
2	36.0	4	6	2299.0	0	2	4.0	3	2	4.0	1	39.0	1	1	1.0	1	1.0	1	1	1
2	24.0	2	3	2028.0	1	3	2.0	3	2	2.0	0	30.0	1	1	2.0	3	1.0	1	1	1
1	16.0	2	4	1175.0	1	4	2.0	3	2	3.0	1	68.0	1	0	3.0	2	1.0	0	1	1
2	15.0	2	9	3368.0	3	2	3.0	3	2	4.0	2	23.0	1	2	2.0	1	1.0	0	1	1
2	15.0	2	3	2788.0	1	3	2.0	0	0	3.0	1	24.0	0	1	2.0	1	1.0	1	1	1
1	11.0	3	6	4771.0	1	3	2.0	3	2	4.0	0	51.0	1	1	1.0	1	1.0	1	1	1
1	15.0	2	0	2326.0	0	0	2.0	3	2	4.0	1	27.0	0	1	1.0	1	1.0	1	1	1
0	12.0	4	3	708.0	1	0	2.0	3	1	3.0	0	38.0	1	1	1.0	3	2.0	1	1	1
2	24.0	4	0	1258.0	1	3	4.0	3	2	1.0	3	25.0	1	1	1.0	1	1.0	0	1	1
1	18.0	4	0	4439.0	1	2	1.0	3	0	1.0	3	33.0	0	1	1.0	0	1.0	0	1	1
1	8.0	4	0	907.0	1	1	3.0	2	2	2.0	3	26.0	1	1	1.0	1	1.0	0	1	1
1	9.0	4	6	1082.0	1	2	4.0	3	2	4.0	1	27.0	1	1	2.0	3	1.0	1	1	1
2	24.0	4	6	1413.0	1	0	4.0	2	2	2.0	0	28.0	1	1	1.0	1	1.0	1	1	1
2	12.0	2	6	618.0	1	2	4.0	3	2	4.0	3	56.0	1	1	1.0	1	1.0	1	1	1
2	12.0	4	3	1768.0	1	0	3.0	3	2	2.0	3	24.0	1	2	1.0	3	1.0	1	1	1
2	48.0	1	0	3609.0	1	0	1.0	0	2	1.0	3	27.0	2	1	1.0	1	1.0	1	1	1
1	60.0	3	6	7418.0	4	0	1.0	3	2	1.0	3	27.0	1	1	1.0	3	1.0	1	1	1
1	24.0	4	6	3758.0	0	4	1.0	0	2	4.0	2	23.0	1	2	1.0	2	1.0	1	1	1
0	9.0	2	4	2799.0	1	0	2.0	3	2	2.0	3	36.0	1	2	2.0	1	2.0	1	1	1
0	36.0	4	9	5493.0	1	2	2.0	3	2	4.0	2	42.0	1	0	1.0	1	2.0	1	1	1
1	9.0	4	6	790.0	0	0	4.0	0	2	3.0	3	66.0	1	1	1.0	3	1.0	1	1	1
3	10.0	4	4	3949.0	1	1	1.0	3	1	1.0	0	37.0	1	1	1.0	3	2.0	1	1	1
0	36.0	4	5	15857.0	1	4	2.0	1	0	3.0	1	43.0	1	1	1.0	0	1.0	1	1	1
0	12.0	2	6	385.0	1	3	4.0	0	2	3.0	3	58.0	1	1	4.0	3	1.0	0	1	1
1	24.0	3	6	6403.0	1	1	1.0	3	2	2.0	1	33.0	1	1	1.0	1	1.0	1	1	1
1	18.0	3	7	6204.0	1	0	2.0	3	2	4.0	3	44.0	1	1	1.0	3	2.0	0	1	1
2	10.0	4	4	1364.0	1	0	2.0	0	2	4.0	1	64.0	1	1	1.0	1	1.0	0	1	1
0	24.0	4	3	3149.0	1	1	4.0	3	2	1.0	2	22.0	0	0	1.0	1	1.0	1	1	1
2	18.0	2	9	3229.0	4	4	2.0	3	2	4.0	2	38.0	1	1	1.0	0	1.0	0	1	1
1	12.0	4	4	6078.0	1	3	2.0	3	2	2.0	1	32.0	1	1	1.0	1	1.0	1	1	1
2	27.0	2	3	4526.0	3	1	4.0	3	2	2.0	3	32.0	2	1	2.0	3	2.0	0	1	1
1	12.0	4	6	1103.0	1	3	4.0	3	1	3.0	3	29.0	1	1	2.0	1	1.0	1	0	1
1	26.0	4	9	7966.0	1	1	2.0	3	2	3.0	1	30.0	1	1	2.0	1	1.0	1	1	1
3	12.0	4	6	1881.0	1	0	2.0	0	2	2.0	1	44.0	1	2	1.0	3	1.0	0	1	1
2	36.0	2	6	3342.0	4	2	4.0	3	2	2.0	1	51.0	1	1	1.0	1	1.0	0	1	1
2	12.0	4	0	1076.0	1	0	2.0	2	2	2.0	3	26.0	1	1	1.0	1	1.0	0	0	1
2	18.0	4	6	1453.0	1	1	3.0	0	2	1.0	3	26.0	1	1	1.0	1	1.0	1	1	1
1	6.0	4	6	484.0	1	3	3.0	2	1	3.0	3	28.0	0	1	1.0	3	1.0	1	1	1
2	12.0	1	8	3447.0	0	0	4.0	0	2	3.0	3	35.0	1	1	1.0	3	2.0	1	1	1
2	18.0	4	3	3422.0	1	2	4.0	3	2	4.0	0	47.0	0	1	3.0	1	2.0	0	1	1
2	12.0	4	4	2859.0	4	4	4.0	3	2	4.0	2	38.0	1	1	1.0	0	1.0	0	1	1
2	24.0	4	9	7814.0	1	3	3.0	3	2	3.0	1	38.0	1	1	1.0	0	1.0	0	1	1
1	6.0	4	7	454.0	1	1	3.0	2	2	1.0	0	22.0	1	1	1.0	3	1.0	1	1	1
2	24.0	4	6	3430.0	0	2	3.0	3	2	2.0	1	31.0	1	1	1.0	1	2.0	0	1	1
2	6.0	0	6	426.0	1	2	4.0	2	2	4.0	1	39.0	1	1	1.0	3	1.0	1	1	1
3	12.0	4	3	1474.0	1	1	4.0	0	2	1.0	0	33.0	0	1	1.0	0	1.0	0	1	1
2	9.0	4	6	2697.0	1	0	1.0	3	2	2.0	3	32.0	1	1	1.0	1	2.0	1	1	1
1	12.0	2	6	3573.0	1	0	1.0	0	2	1.0	3	23.0	1	1	1.0	3	1.0	1	1	1
2	18.0	4	4	1820.0	1	0	2.0	2	2	2.0	0	30.0	1	1	1.0	0	1.0	0	1	1
3	10.0	2	6	1347.0	4	3	4.0	3	2	2.0	0	27.0	1	1	2.0	1	1.0	0	1	1
0	15.0	4	6	1053.0	1	1	4.0	2	2	2.0	3	27.0	1	1	1.0	1	1.0	1	0	1
2	15.0	4	4	3186.0	3	3	2.0	0	2	3.0	1	20.0	1	2	1.0	1	1.0	1	1	1
2	13.0	4	6	1409.0	2	4	2.0	0	2	4.0	3	64.0	1	1	1.0	1	1.0	1	1	1
0	6.0	4	4	1203.0	2	2	3.0	3	2	2.0	0	43.0	1	1	1.0	1	1.0	0	1	1
1	8.0	4	6	1414.0	1	0	4.0	3	1	2.0	3	33.0	1	1	1.0	1	1.0	1	0	1
2	27.0	4	7	5190.0	4	2	4.0	3	2	4.0	0	48.0	1	1	4.0	1	2.0	0	1	1
2	18.0	4	3	1984.0	1	0	4.0	3	2	4.0	2	47.0	0	0	2.0	1	1.0	1	1	1
1	12.0	2	9	1804.0	2	1	3.0	3	2	4.0	0	44.0	1	1	1.0	1	1.0	1	1	1
1	20.0	0	9	6148.0	2	2	3.0	2	2	4.0	1	31.0	0	1	2.0	1	1.0	0	1	1
2	12.0	4	9	4675.0	4	1	1.0	0	2	4.0	1	20.0	1	2	1.0	1	1.0	1	1	1
2	12.0	2	3	1935.0	1	2	4.0	3	2	4.0	3	43.0	1	1	3.0	1	1.0	0	1	1
2	6.0	4	6	1595.0	1	3	3.0	3	2	2.0	0	51.0	1	1	1.0	1	2.0	1	1	1
1	12.0	4	6	1331.0	1	1	2.0	3	2	1.0	1	22.0	2	1	1.0	1	1.0	1	1	0
0	12.0	4	1	741.0	2	4	4.0	0	2	3.0	0	22.0	1	1	1.0	1	1.0	1	1	0
0	24.0	4	4	1285.0	4	3	4.0	0	2	4.0	2	32.0	1	2	1.0	1	1.0	1	1	0
2	18.0	4	7	1943.0	1	1	4.0	0	2	4.0	3	23.0	1	1	1.0	1	1.0	1	1	0
0	18.0	0	3	3114.0	1	1	1.0	0	2	4.0	0	26.0	1	2	1.0	1	1.0	1	1	0
0	24.0	2	4	1199.0	1	2	4.0	3	2	4.0	1	60.0	1	1	2.0	3	1.0	1	1	0
1	18.0	2	3	1928.0	1	1	2.0	3	2	2.0	3	31.0	1	1	2.0	3	1.0	1	1	0
1	30.0	4	4	2150.0	1	0	4.0	0	1	2.0	2	24.0	0	1	1.0	1	1.0	1	1	0
1	24.0	4	6	2039.0	1	1	1.0	2	2	1.0	0	22.0	1	1	1.0	1	1.0	0	1	0
0	14.0	4	4	8978.0	1	2	1.0	1	2	4.0	0	45.0	1	1	1.0	0	1.0	0	0	0
0	12.0	1	6	626.0	1	0	4.0	0	2	4.0	3	24.0	0	1	1.0	3	1.0	1	1	0
3	24.0	2	4	1344.0	4	3	4.0	3	2	2.0	3	37.0	0	1	2.0	3	2.0	1	1	0
0	12.0	4	3	1282.0	1	0	2.0	0	2	4.0	1	20.0	1	2	1.0	1	1.0	1	1	0
0	15.0	4	4	3959.0	1	0	3.0	0	2	2.0	0	29.0	1	1	1.0	1	1.0	0	1	0
1	48.0	4	6	5951.0	1	0	2.0	0	2	2.0	3	22.0	1	1	1.0	1	1.0	1	1	0
2	36.0	2	4	7855.0	1	0	4.0	0	2	2.0	3	25.0	2	1	2.0	1	1.0	0	1	0
3	10.0	4	4	1240.0	2	2	1.0	0	2	4.0	2	48.0	1	0	1.0	3	2.0	1	1	0
3	30.0	3	0	1908.0	1	2	4.0	3	2	4.0	3	66.0	1	1	1.0	0	1.0	0	1	0
0	18.0	4	3	2039.0	1	0	1.0	0	2	4.0	3	20.0	0	2	1.0	1	1.0	1	1	0
0	24.0	1	6	1546.0	1	3	4.0	3	1	4.0	1	24.0	0	2	1.0	3	1.0	1	1	0
0	36.0	4	9	8229.0	1	0	2.0	3	2	2.0	0	26.0	1	1	1.0	1	2.0	1	1	0
2	48.0	2	4	10127.0	0	0	2.0	3	2	2.0	2	44.0	0	0	1.0	1	1.0	1	1	0
1	12.0	4	3	951.0	2	1	4.0	0	2	4.0	1	27.0	0	2	4.0	1	1.0	1	1	0
1	12.0	4	4	1223.0	1	2	1.0	1	2	1.0	3	46.0	1	2	2.0	1	1.0	1	1	0
0	24.0	4	4	1381.0	4	0	4.0	0	2	2.0	0	35.0	1	1	1.0	1	1.0	1	1	0
0	18.0	4	1	1217.0	1	0	4.0	2	2	3.0	3	47.0	1	1	1.0	3	1.0	0	1	0
3	21.0	2	2	2319.0	1	1	2.0	1	2	1.0	1	33.0	1	2	1.0	1	1.0	1	1	0
0	12.0	4	3	7865.0	1	2	4.0	3	2	4.0	2	53.0	1	0	1.0	0	1.0	0	1	0
0	24.0	4	6	1282.0	2	0	4.0	0	2	2.0	1	32.0	1	1	1.0	3	1.0	1	1	0
1	15.0	3	7	1512.0	3	0	3.0	2	2	3.0	0	61.0	2	1	2.0	1	1.0	1	1	0
2	10.0	4	2	727.0	0	2	4.0	3	2	4.0	2	46.0	1	0	1.0	1	1.0	0	1	1
1	9.0	4	6	1206.0	1	2	4.0	0	2	4.0	3	25.0	1	1	1.0	1	1.0	1	1	1
2	7.0	2	6	730.0	4	2	4.0	3	2	2.0	0	46.0	1	2	2.0	3	1.0	0	1	1
3	12.0	2	4	1480.0	0	4	2.0	3	2	4.0	2	66.0	0	0	3.0	2	1.0	1	1	1
0	21.0	2	4	1602.0	1	2	4.0	2	2	3.0	1	30.0	1	1	2.0	1	1.0	0	1	1
1	18.0	0	3	3244.0	1	0	1.0	0	2	4.0	1	33.0	0	1	2.0	1	1.0	0	1	1
3	42.0	2	9	4796.0	1	2	4.0	3	2	4.0	2	56.0	1	0	1.0	1	1.0	1	1	1
1	36.0	2	9	5800.0	1	0	3.0	3	2	4.0	1	34.0	1	1	2.0	1	1.0	0	1	1
2	39.0	4	9	8588.0	2	2	4.0	3	2	2.0	1	45.0	1	1	1.0	0	1.0	0	1	1
2	36.0	0	7	2613.0	1	0	4.0	3	2	2.0	1	27.0	1	1	2.0	1	1.0	1	1	1
2	12.0	2	4	1255.0	1	2	4.0	3	2	4.0	3	61.0	1	1	2.0	3	1.0	1	1	1
1	48.0	1	0	3566.0	2	3	4.0	3	2	2.0	1	30.0	1	1	1.0	1	1.0	1	1	1
0	18.0	2	3	1049.0	1	1	4.0	0	2	4.0	0	21.0	1	2	1.0	1	1.0	1	1	1
2	12.0	4	3	1736.0	1	3	3.0	0	2	4.0	3	31.0	1	1	1.0	3	1.0	1	1	1
2	24.0	4	3	5511.0	2	0	4.0	3	2	1.0	1	25.0	2	1	1.0	1	1.0	1	1	1
2	6.0	3	0	1743.0	2	0	1.0	3	2	2.0	3	34.0	1	1	2.0	3	1.0	1	1	1
2	9.0	4	4	2507.0	0	2	2.0	3	2	4.0	2	51.0	1	0	1.0	3	1.0	1	1	1
1	7.0	4	6	2415.0	1	0	3.0	3	1	2.0	3	34.0	1	1	1.0	1	1.0	1	1	1
2	12.0	4	4	2133.0	4	2	4.0	0	2	4.0	2	52.0	1	0	1.0	0	1.0	0	1	1
2	24.0	4	4	7393.0	1	0	1.0	3	2	4.0	0	43.0	1	1	1.0	3	2.0	1	1	1
0	12.0	4	3	1262.0	4	2	2.0	1	2	4.0	0	49.0	1	1	1.0	3	1.0	0	1	1
2	24.0	2	2	1927.0	4	0	3.0	0	2	2.0	1	33.0	1	1	2.0	1	1.0	0	1	1
0	24.0	2	9	2957.0	1	2	4.0	3	2	4.0	0	63.0	1	1	2.0	1	1.0	0	1	1
1	6.0	4	6	2063.0	1	1	4.0	2	2	3.0	1	30.0	1	2	1.0	0	1.0	0	1	1
2	30.0	2	6	6742.0	4	3	2.0	3	2	3.0	0	36.0	1	1	2.0	1	1.0	1	1	1
2	30.0	4	9	4811.0	4	3	2.0	0	2	4.0	0	24.0	2	2	1.0	3	1.0	1	1	1
0	21.0	4	6	3357.0	3	1	4.0	0	2	2.0	1	29.0	0	1	1.0	1	1.0	1	1	1
2	36.0	4	0	7409.0	4	2	3.0	3	2	2.0	0	37.0	1	1	2.0	1	1.0	1	1	1
2	21.0	4	0	1572.0	3	2	4.0	0	2	4.0	3	36.0	0	1	1.0	3	1.0	1	1	1
2	24.0	2	9	3868.0	1	2	4.0	0	2	2.0	1	41.0	1	2	2.0	0	1.0	0	1	1
2	9.0	4	2	3832.0	4	2	1.0	3	2	4.0	3	64.0	1	1	1.0	3	1.0	1	1	1
1	12.0	3	6	585.0	1	0	4.0	2	0	4.0	3	20.0	1	2	2.0	1	1.0	1	1	1
2	10.0	2	3	2069.0	4	0	2.0	2	2	1.0	1	26.0	1	1	2.0	1	1.0	1	0	1
2	36.0	2	0	6304.0	4	2	4.0	3	2	4.0	3	36.0	1	1	2.0	1	1.0	1	1	1
0	15.0	4	3	1845.0	1	1	4.0	0	1	1.0	0	46.0	1	2	1.0	1	1.0	1	1	1
2	12.0	2	4	926.0	1	4	1.0	0	2	2.0	0	38.0	1	1	1.0	2	1.0	1	1	1
0	30.0	0	3	4583.0	1	0	2.0	1	1	2.0	3	32.0	1	1	2.0	1	1.0	1	1	1
1	24.0	2	0	2825.0	4	3	4.0	3	2	3.0	2	34.0	1	1	2.0	1	2.0	0	1	1
0	12.0	2	4	2122.0	1	0	3.0	3	2	2.0	3	39.0	1	2	2.0	3	2.0	1	0	1
0	24.0	2	0	1382.0	2	3	4.0	3	2	1.0	3	26.0	1	1	2.0	1	1.0	0	1	1
2	14.0	3	4	802.0	1	0	4.0	3	2	2.0	1	27.0	1	1	2.0	3	1.0	1	1	1
2	24.0	2	9	4042.0	4	3	3.0	3	2	4.0	0	43.0	1	1	2.0	1	1.0	0	1	1
2	12.0	2	3	1258.0	1	1	2.0	0	2	4.0	0	22.0	1	2	2.0	3	1.0	1	1	1
1	15.0	4	7	2631.0	2	0	3.0	0	2	2.0	3	25.0	1	1	1.0	3	1.0	1	1	1
1	18.0	4	6	3213.0	0	1	1.0	2	2	3.0	3	25.0	1	2	1.0	1	1.0	1	1	1
2	30.0	2	6	3077.0	4	2	3.0	3	2	2.0	1	40.0	1	1	2.0	1	2.0	0	1	1
2	36.0	4	9	8133.0	1	0	1.0	0	2	2.0	0	30.0	0	1	1.0	1	1.0	1	1	1
2	15.0	2	6	1829.0	1	2	4.0	3	2	4.0	1	46.0	1	1	2.0	1	1.0	0	1	1
0	10.0	4	6	2315.0	1	2	3.0	3	2	4.0	3	52.0	1	1	1.0	3	1.0	1	1	1
2	24.0	3	4	717.0	4	2	4.0	2	2	4.0	1	54.0	1	1	2.0	1	1.0	0	1	1
2	11.0	2	4	1393.0	1	1	4.0	0	2	4.0	1	35.0	1	1	2.0	0	1.0	1	1	1
1	6.0	4	6	1068.0	1	2	4.0	3	2	4.0	1	28.0	1	1	1.0	1	2.0	1	1	1
2	10.0	4	4	1546.0	1	0	3.0	3	2	2.0	3	31.0	1	1	1.0	3	2.0	1	0	1
1	18.0	2	3	7374.0	1	4	4.0	3	2	4.0	0	40.0	2	1	2.0	0	1.0	0	1	1
2	15.0	4	4	5324.0	0	2	1.0	0	2	4.0	2	35.0	1	0	1.0	1	1.0	1	1	1
1	18.0	4	3	3001.0	1	3	2.0	0	2	4.0	3	40.0	1	2	1.0	1	1.0	1	1	1
3	6.0	4	3	2116.0	1	0	2.0	3	2	2.0	3	41.0	1	1	1.0	1	1.0	0	1	1
2	12.0	2	2	3565.0	4	1	2.0	3	2	1.0	0	37.0	1	1	2.0	3	2.0	1	1	1
2	24.0	4	3	929.0	4	3	4.0	3	2	2.0	1	31.0	2	1	1.0	1	1.0	0	1	1
1	12.0	4	4	7472.0	4	4	1.0	0	2	2.0	3	24.0	1	2	1.0	2	1.0	1	1	1
0	36.0	4	3	3620.0	1	0	1.0	3	1	2.0	0	37.0	1	1	1.0	1	2.0	1	1	1
2	18.0	2	6	6070.0	1	2	3.0	3	2	4.0	1	33.0	1	1	2.0	1	1.0	0	1	1
2	27.0	3	9	8613.0	3	0	2.0	3	2	2.0	1	27.0	1	1	2.0	1	1.0	1	1	1
2	24.0	4	4	1525.0	3	3	4.0	0	2	3.0	1	34.0	1	1	1.0	1	2.0	0	1	1
2	15.0	2	6	1459.0	1	0	4.0	0	2	2.0	1	43.0	1	1	1.0	3	1.0	1	1	1
1	36.0	3	4	2862.0	2	2	4.0	3	2	3.0	2	30.0	1	0	1.0	1	1.0	1	1	1
2	9.0	2	3	2406.0	1	4	2.0	3	2	3.0	1	31.0	1	1	1.0	0	1.0	1	1	1
0	15.0	4	4	2511.0	1	4	1.0	0	2	4.0	1	23.0	1	2	1.0	1	1.0	1	1	1
2	12.0	2	2	701.0	1	0	4.0	3	2	2.0	1	32.0	1	1	2.0	1	1.0	1	1	1
2	18.0	2	6	1149.0	3	0	4.0	3	2	3.0	3	46.0	1	1	2.0	1	1.0	1	1	1
0	24.0	4	4	3123.0	1	1	4.0	0	2	1.0	0	27.0	1	1	1.0	1	1.0	1	1	0
1	12.0	4	4	685.0	1	3	2.0	2	2	3.0	1	25.0	0	1	1.0	3	1.0	1	1	0
2	36.0	4	2	1819.0	1	0	4.0	3	2	4.0	2	37.0	2	0	1.0	1	1.0	0	1	0
0	24.0	1	3	3349.0	0	1	4.0	3	2	4.0	2	30.0	1	0	1.0	1	2.0	0	1	0
2	48.0	2	9	11590.0	2	0	2.0	0	2	4.0	1	24.0	0	2	2.0	3	1.0	1	1	0
2	24.0	4	6	5943.0	4	1	1.0	0	2	1.0	1	44.0	1	1	2.0	1	1.0	0	1	0
3	18.0	4	6	2100.0	1	0	4.0	3	0	2.0	3	37.0	2	1	1.0	1	1.0	1	1	0
2	36.0	3	6	4463.0	1	0	4.0	3	2	2.0	1	26.0	1	1	2.0	0	1.0	0	1	0
0	30.0	4	7	11998.0	1	1	1.0	1	2	1.0	2	34.0	1	1	1.0	3	1.0	0	1	0
0	36.0	2	3	6229.0	1	1	4.0	0	0	4.0	2	23.0	1	2	2.0	3	1.0	0	1	0
3	18.0	4	3	2864.0	1	0	2.0	3	2	1.0	3	34.0	1	1	1.0	3	2.0	1	1	0
1	30.0	2	3	8386.0	1	3	2.0	3	2	2.0	0	49.0	1	1	1.0	1	1.0	1	1	0
1	24.0	1	2	1837.0	1	3	4.0	0	2	4.0	2	34.0	0	0	1.0	3	1.0	1	1	0
0	6.0	4	4	14896.0	1	2	1.0	3	2	4.0	2	68.0	0	1	1.0	0	1.0	0	1	0
1	48.0	0	0	3844.0	2	3	4.0	3	2	4.0	2	34.0	1	0	1.0	3	2.0	1	1	0
1	27.0	0	0	8318.0	1	2	2.0	0	2	4.0	2	42.0	1	0	2.0	0	1.0	0	1	0
0	36.0	2	9	9629.0	1	3	4.0	3	2	4.0	1	24.0	1	1	2.0	1	1.0	0	1	0
1	48.0	0	5	18424.0	1	0	1.0	0	2	2.0	0	32.0	0	1	1.0	0	1.0	0	0	0
0	24.0	1	5	1358.0	4	2	4.0	3	2	3.0	1	40.0	2	1	1.0	0	1.0	0	1	0
0	12.0	4	8	902.0	1	3	4.0	2	2	4.0	0	21.0	1	2	1.0	1	1.0	1	1	0
1	15.0	1	4	1264.0	2	0	2.0	2	2	2.0	0	25.0	1	2	1.0	1	1.0	1	1	0
0	6.0	2	3	3384.0	1	0	1.0	1	2	4.0	3	44.0	1	2	1.0	0	1.0	0	1	0
2	36.0	3	0	7980.0	4	1	4.0	3	2	4.0	1	27.0	1	2	2.0	1	1.0	0	1	0
0	30.0	4	3	3108.0	1	1	2.0	1	2	4.0	0	31.0	1	1	1.0	3	1.0	1	1	0
0	36.0	4	3	3446.0	1	2	4.0	3	2	2.0	1	42.0	1	1	1.0	1	2.0	1	1	0
2	21.0	2	4	12680.0	4	2	4.0	3	2	4.0	2	30.0	1	0	1.0	0	1.0	0	1	0
0	12.0	2	4	4843.0	1	2	3.0	3	0	4.0	0	43.0	1	2	2.0	1	1.0	0	1	0
0	36.0	2	2	8065.0	1	0	3.0	0	2	2.0	2	25.0	1	1	2.0	0	1.0	0	1	0
2	18.0	4	6	433.0	1	4	3.0	0	0	4.0	3	22.0	1	2	1.0	1	1.0	1	1	0
1	36.0	4	4	12389.0	4	0	1.0	3	2	4.0	2	37.0	1	0	1.0	1	1.0	0	1	0
2	9.0	2	4	1224.0	1	0	3.0	3	2	1.0	3	30.0	1	1	2.0	1	1.0	1	1	1
2	21.0	4	6	3160.0	4	2	4.0	3	2	3.0	0	41.0	1	1	1.0	1	1.0	0	1	1
2	24.0	2	6	1851.0	1	3	4.0	2	1	2.0	1	33.0	1	1	2.0	1	1.0	0	1	1
1	24.0	4	9	2760.0	4	2	4.0	3	2	4.0	2	36.0	0	0	1.0	1	1.0	0	1	1
0	6.0	4	1	343.0	1	1	4.0	0	2	1.0	3	27.0	1	1	1.0	1	1.0	1	1	1
2	15.0	4	9	1300.0	4	2	4.0	3	2	4.0	2	45.0	0	0	1.0	1	2.0	1	1	1
2	12.0	2	4	1495.0	1	2	4.0	3	2	1.0	3	38.0	1	1	2.0	3	2.0	1	1	1
2	6.0	2	6	700.0	4	2	4.0	3	2	4.0	2	36.0	1	0	2.0	1	1.0	1	1	1
2	36.0	2	9	5711.0	3	2	4.0	3	2	2.0	1	38.0	1	1	2.0	0	1.0	0	1	1
2	6.0	0	4	1204.0	2	0	4.0	3	2	1.0	2	35.0	0	2	1.0	1	1.0	1	0	1
2	6.0	2	6	1237.0	2	0	1.0	0	2	1.0	0	27.0	1	1	2.0	1	1.0	1	1	1
2	6.0	2	6	1554.0	1	3	1.0	0	2	2.0	1	24.0	1	2	2.0	1	1.0	0	1	1
2	21.0	2	3	2288.0	1	1	4.0	0	2	4.0	0	23.0	1	1	1.0	1	1.0	0	1	1
2	18.0	2	4	1028.0	1	0	4.0	0	2	3.0	3	36.0	1	1	2.0	1	1.0	1	1	1
0	21.0	4	4	3763.0	4	3	2.0	3	0	2.0	3	24.0	1	1	1.0	3	1.0	1	0	1
1	48.0	4	4	8487.0	4	3	1.0	0	2	2.0	1	24.0	1	1	1.0	1	1.0	1	1	1
0	24.0	4	0	6568.0	1	0	2.0	2	2	2.0	1	21.0	2	1	1.0	3	1.0	1	1	1
2	24.0	2	9	6842.0	4	0	2.0	3	2	4.0	0	46.0	1	1	2.0	0	2.0	0	1	1
2	6.0	4	3	1543.0	3	0	4.0	1	2	2.0	3	33.0	1	1	1.0	1	1.0	1	1	1
2	4.0	2	4	1455.0	1	3	2.0	3	2	1.0	3	42.0	1	1	3.0	3	2.0	1	1	1
2	60.0	2	4	13756.0	4	2	2.0	3	2	4.0	2	63.0	0	0	1.0	0	1.0	0	1	1
2	24.0	3	0	2375.0	0	0	4.0	3	2	2.0	1	44.0	1	1	2.0	1	2.0	0	1	1
2	12.0	4	4	1101.0	1	0	3.0	2	2	2.0	3	27.0	1	1	2.0	1	1.0	0	1	1
2	18.0	2	9	3850.0	1	3	3.0	3	2	1.0	1	27.0	1	1	2.0	1	1.0	1	1	1
2	9.0	2	6	3074.0	4	0	1.0	3	2	2.0	3	33.0	1	1	2.0	1	2.0	1	1	1
3	21.0	4	4	2923.0	2	0	1.0	0	2	1.0	1	28.0	0	1	1.0	0	1.0	0	1	1
2	24.0	3	0	2978.0	4	0	4.0	3	2	4.0	3	32.0	1	1	2.0	1	2.0	0	1	1
1	24.0	3	0	6967.0	2	3	4.0	3	2	4.0	1	36.0	1	2	1.0	0	1.0	0	1	1
2	12.0	4	6	776.0	1	0	4.0	2	2	2.0	3	28.0	1	1	1.0	1	1.0	1	1	1
1	18.0	2	6	1795.0	1	2	3.0	0	1	4.0	3	48.0	0	2	2.0	3	1.0	0	1	1
1	48.0	1	4	12169.0	4	4	4.0	3	0	4.0	2	36.0	1	0	1.0	0	1.0	0	1	1
1	12.0	4	6	625.0	1	1	4.0	2	1	1.0	3	26.0	0	1	1.0	3	1.0	1	1	1
2	15.0	2	3	1520.0	4	2	4.0	3	2	4.0	0	63.0	1	1	1.0	1	1.0	1	1	1
2	12.0	2	6	1934.0	1	2	2.0	3	2	2.0	2	26.0	1	1	2.0	1	1.0	1	1	1
2	48.0	2	0	7629.0	4	2	4.0	1	2	2.0	1	46.0	0	1	2.0	0	2.0	1	1	1
2	24.0	4	4	1393.0	1	0	2.0	3	1	2.0	3	31.0	1	1	1.0	1	1.0	0	1	1
1	14.0	4	0	1410.0	0	2	1.0	2	2	2.0	3	35.0	1	1	1.0	1	1.0	0	1	1
2	10.0	2	3	2146.0	1	1	1.0	0	2	3.0	3	23.0	1	2	2.0	1	1.0	1	1	1
2	30.0	4	6	2333.0	0	2	4.0	3	2	2.0	1	30.0	0	1	1.0	0	1.0	1	1	1
2	15.0	2	2	1532.0	2	0	4.0	0	2	3.0	1	31.0	1	1	1.0	1	1.0	1	1	1
3	24.0	2	0	1275.0	3	0	2.0	1	2	4.0	3	36.0	1	1	2.0	1	1.0	0	1	1
1	18.0	4	7	3872.0	1	4	2.0	0	2	4.0	1	67.0	1	1	1.0	1	1.0	0	1	1
2	24.0	4	6	3181.0	1	1	4.0	0	2	4.0	0	26.0	1	1	1.0	1	1.0	0	1	1
0	18.0	4	6	3509.0	1	3	4.0	0	1	1.0	3	25.0	1	1	1.0	1	1.0	1	1	1
1	18.0	4	0	1913.0	3	1	3.0	2	2	3.0	3	36.0	0	1	1.0	1	1.0	0	1	1
2	24.0	4	6	2284.0	1	3	4.0	3	2	2.0	1	28.0	1	1	1.0	1	1.0	0	1	1
0	15.0	4	0	806.0	1	0	4.0	0	2	4.0	0	22.0	1	1	1.0	3	1.0	1	1	1
0	9.0	4	6	1364.0	1	3	3.0	3	2	4.0	3	59.0	1	1	1.0	1	1.0	1	1	1
0	36.0	2	3	2348.0	1	0	3.0	2	2	2.0	0	46.0	1	1	2.0	1	1.0	0	1	1
2	12.0	4	0	1542.0	1	3	2.0	3	2	4.0	1	36.0	1	1	1.0	1	1.0	0	1	1
2	48.0	2	2	6110.0	1	0	1.0	3	2	3.0	2	31.0	0	0	1.0	1	1.0	0	1	1
2	24.0	2	0	4139.0	2	0	3.0	3	2	3.0	0	27.0	1	1	2.0	3	1.0	0	1	1
0	47.0	4	4	10722.0	1	1	1.0	0	2	1.0	3	35.0	1	1	1.0	3	1.0	0	1	1
2	36.0	2	4	6614.0	1	2	4.0	3	2	4.0	1	34.0	1	1	2.0	0	1.0	0	1	1
3	12.0	4	4	1330.0	1	1	4.0	3	2	1.0	3	26.0	1	1	1.0	1	1.0	1	1	1
0	24.0	4	3	4169.0	1	0	4.0	3	2	4.0	0	28.0	1	1	1.0	1	1.0	1	1	1
0	24.0	4	5	1755.0	1	2	4.0	0	1	4.0	3	58.0	1	1	1.0	3	1.0	0	1	1
2	24.0	2	9	5804.0	3	0	4.0	3	2	2.0	3	27.0	1	1	2.0	1	1.0	1	1	1
2	28.0	1	9	7824.0	4	1	3.0	3	1	4.0	3	40.0	0	2	2.0	1	2.0	0	1	1
1	13.0	4	6	2101.0	1	1	2.0	0	1	4.0	0	23.0	1	1	1.0	3	1.0	1	1	1
2	9.0	4	0	1449.0	1	3	3.0	0	2	2.0	1	27.0	1	1	2.0	1	1.0	1	1	1
0	18.0	0	0	3104.0	1	3	3.0	3	2	1.0	0	31.0	0	1	1.0	1	1.0	0	1	1
2	24.0	2	0	4526.0	1	0	3.0	3	2	2.0	3	74.0	1	1	1.0	0	1.0	0	1	1
1	7.0	4	6	2329.0	1	1	1.0	0	1	1.0	3	45.0	1	1	1.0	1	1.0	1	1	1
0	48.0	4	2	7476.0	1	3	4.0	3	2	1.0	2	50.0	1	0	1.0	0	1.0	0	1	1
2	36.0	4	4	3079.0	4	0	4.0	3	2	4.0	3	36.0	1	1	1.0	1	1.0	1	1	1
2	24.0	2	6	2223.0	2	2	4.0	3	2	4.0	0	52.0	0	1	2.0	1	1.0	1	1	1
0	18.0	2	4	5302.0	1	2	2.0	3	2	4.0	2	36.0	1	0	3.0	0	1.0	0	1	1
2	12.0	4	4	2390.0	4	2	4.0	3	2	3.0	1	50.0	1	1	1.0	1	1.0	0	1	1
2	24.0	2	4	1940.0	3	2	4.0	3	2	4.0	3	60.0	1	1	1.0	1	1.0	0	1	1
2	15.0	4	2	4623.0	2	0	3.0	3	2	2.0	0	40.0	1	1	1.0	0	1.0	0	1	0
0	16.0	2	4	2625.0	1	2	2.0	3	1	4.0	0	43.0	0	2	1.0	1	1.0	0	1	0
1	36.0	0	6	3804.0	1	0	4.0	0	2	1.0	1	42.0	1	1	1.0	1	1.0	0	1	0
0	12.0	4	2	684.0	1	0	4.0	3	2	4.0	1	40.0	1	2	1.0	3	2.0	1	1	0
0	24.0	4	3	2359.0	2	4	1.0	1	2	1.0	0	33.0	1	1	1.0	1	1.0	1	1	0
0	36.0	4	9	8335.0	4	2	3.0	3	2	4.0	2	47.0	1	0	1.0	1	1.0	1	1	0
0	36.0	4	6	2302.0	1	0	4.0	1	2	4.0	1	31.0	1	2	1.0	1	1.0	1	1	0
2	18.0	3	0	2169.0	1	0	4.0	2	2	2.0	1	28.0	1	1	1.0	1	1.0	0	1	0
1	24.0	3	3	2064.0	1	4	3.0	0	2	2.0	0	34.0	1	1	1.0	0	1.0	0	1	0
0	36.0	3	2	6887.0	1	0	4.0	3	2	3.0	0	29.0	2	1	1.0	1	1.0	0	1	0
1	36.0	3	4	8086.0	2	2	2.0	3	2	4.0	1	42.0	1	1	4.0	0	1.0	0	1	0
0	12.0	0	7	1108.0	1	3	4.0	3	2	3.0	3	28.0	1	1	2.0	1	1.0	1	1	0
0	12.0	1	6	2149.0	1	0	4.0	1	2	1.0	2	29.0	1	0	1.0	1	1.0	1	1	0
1	36.0	4	2	12612.0	2	0	1.0	3	2	4.0	2	47.0	1	0	1.0	1	2.0	0	1	0
2	24.0	3	4	2538.0	1	2	4.0	3	2	4.0	1	47.0	1	1	2.0	3	2.0	1	1	0
1	24.0	2	6	1216.0	2	1	4.0	3	2	4.0	2	38.0	0	1	2.0	1	2.0	1	1	0
0	48.0	4	1	3051.0	1	0	3.0	3	2	4.0	1	54.0	1	1	1.0	1	1.0	1	1	0
3	15.0	4	6	2327.0	1	1	2.0	0	2	3.0	3	25.0	1	1	1.0	3	1.0	1	1	0
2	24.0	4	0	4591.0	3	0	2.0	3	2	3.0	0	54.0	1	1	3.0	0	1.0	0	1	0
2	18.0	4	4	6761.0	4	0	2.0	3	2	4.0	1	68.0	1	2	2.0	1	1.0	1	1	0
1	48.0	4	0	15672.0	1	0	2.0	3	2	2.0	1	23.0	1	1	1.0	1	1.0	0	1	0
0	48.0	0	3	7119.0	1	0	3.0	3	2	4.0	2	53.0	1	0	2.0	1	2.0	1	1	0
1	60.0	4	2	6288.0	1	0	4.0	3	2	4.0	2	42.0	1	0	1.0	1	1.0	1	1	0
0	21.0	1	4	1647.0	4	0	4.0	3	2	2.0	0	40.0	1	1	2.0	3	2.0	1	1	0
2	9.0	4	6	1478.0	1	3	4.0	3	2	2.0	1	22.0	1	1	1.0	1	1.0	1	1	0
0	24.0	4	6	1987.0	1	0	2.0	3	2	4.0	3	21.0	1	2	1.0	3	2.0	1	1	0
0	33.0	2	3	4281.0	0	0	1.0	0	2	4.0	1	23.0	1	1	2.0	1	1.0	1	1	0
1	9.0	1	9	5129.0	1	2	2.0	0	2	4.0	2	74.0	0	0	1.0	0	2.0	0	1	0
1	12.0	4	4	836.0	2	1	4.0	0	2	2.0	0	23.0	0	1	1.0	3	1.0	1	1	0
0	18.0	1	3	1553.0	1	0	4.0	3	2	3.0	1	44.0	0	1	1.0	1	1.0	1	1	0
3	12.0	1	6	409.0	3	0	3.0	0	2	3.0	3	42.0	1	2	2.0	1	1.0	1	1	1
1	6.0	4	6	590.0	1	1	3.0	2	2	3.0	3	26.0	1	1	1.0	3	1.0	1	0	1
1	21.0	2	0	3652.0	1	3	2.0	3	2	3.0	0	27.0	1	1	2.0	1	1.0	1	1	1
2	36.0	2	4	3535.0	1	3	4.0	3	2	4.0	1	37.0	1	1	2.0	1	1.0	0	1	1
1	12.0	4	6	2930.0	1	3	2.0	0	2	1.0	3	27.0	1	1	1.0	1	1.0	1	1	1
2	24.0	4	4	1469.0	2	2	4.0	2	2	4.0	3	41.0	1	2	1.0	3	1.0	1	1	1
0	24.0	4	6	3660.0	1	0	2.0	0	2	4.0	1	28.0	1	1	1.0	1	1.0	1	1	1
2	15.0	4	6	1979.0	4	2	4.0	3	2	2.0	1	35.0	1	1	1.0	1	1.0	1	1	1
2	15.0	4	6	1213.0	0	2	4.0	3	2	3.0	0	47.0	2	1	1.0	1	1.0	0	1	1
2	15.0	3	6	1478.0	1	0	4.0	2	2	3.0	3	33.0	0	1	2.0	1	1.0	1	1	1
2	30.0	2	6	2831.0	1	0	4.0	0	2	2.0	1	33.0	1	1	1.0	1	1.0	0	1	1
1	36.0	4	2	2273.0	1	3	3.0	3	2	1.0	1	32.0	1	1	2.0	1	2.0	1	1	1
1	24.0	2	6	1743.0	1	2	4.0	3	2	2.0	0	48.0	1	1	2.0	3	1.0	1	1	1
2	24.0	2	6	2872.0	2	2	3.0	3	2	4.0	3	36.0	1	1	1.0	1	2.0	0	1	1
1	36.0	4	2	3711.0	4	0	2.0	2	2	2.0	1	27.0	1	1	1.0	1	1.0	1	1	1
0	24.0	4	3	3021.0	1	0	2.0	1	2	2.0	3	24.0	1	2	1.0	3	1.0	1	1	1
0	15.0	4	4	1403.0	1	0	2.0	0	2	4.0	1	28.0	1	2	1.0	1	1.0	1	1	1
1	10.0	4	4	7308.0	1	4	2.0	3	2	4.0	2	70.0	0	0	1.0	0	1.0	0	1	1
2	6.0	1	4	783.0	4	0	1.0	3	1	2.0	3	26.0	2	1	1.0	3	2.0	1	1	1
1	12.0	2	4	3124.0	1	1	1.0	3	2	3.0	3	49.0	0	1	2.0	3	2.0	1	1	1
2	6.0	4	9	1236.0	0	0	2.0	3	2	4.0	0	50.0	1	2	1.0	1	1.0	1	1	1
2	18.0	2	3	1817.0	1	0	4.0	0	2	2.0	2	28.0	1	1	2.0	1	1.0	1	1	1
0	11.0	2	4	3905.0	1	0	2.0	3	2	2.0	3	36.0	1	2	2.0	1	2.0	1	1	1
2	9.0	2	2	936.0	0	2	4.0	3	2	2.0	1	52.0	1	1	2.0	1	1.0	0	1	1
1	30.0	0	0	4221.0	1	0	2.0	0	2	1.0	1	28.0	1	1	2.0	1	1.0	1	1	1
2	24.0	4	9	2603.0	3	0	2.0	0	2	4.0	1	28.0	1	2	1.0	1	1.0	0	1	1
0	30.0	2	9	10623.0	1	2	3.0	3	2	4.0	2	38.0	1	0	3.0	0	2.0	0	1	1
2	18.0	2	6	1169.0	4	0	4.0	3	2	3.0	0	29.0	1	1	2.0	1	1.0	0	1	1
0	24.0	4	3	1747.0	1	1	4.0	3	0	1.0	0	24.0	1	1	1.0	3	1.0	1	0	1
2	9.0	4	6	2753.0	2	2	3.0	3	0	4.0	1	35.0	1	1	1.0	1	1.0	0	1	1
2	15.0	4	1	1262.0	0	3	4.0	3	2	3.0	0	36.0	1	1	2.0	1	1.0	0	1	1
2	12.0	4	4	1884.0	1	2	4.0	3	2	4.0	1	39.0	1	1	1.0	0	1.0	0	1	1
0	24.0	4	9	2924.0	1	0	3.0	3	1	4.0	2	63.0	0	1	1.0	1	2.0	0	1	1
2	15.0	4	6	3568.0	1	2	4.0	0	2	2.0	1	54.0	0	2	1.0	0	1.0	0	1	1
0	24.0	4	9	2964.0	4	2	4.0	3	2	4.0	2	49.0	0	0	1.0	1	2.0	0	1	1
2	6.0	2	6	1898.0	4	0	1.0	3	2	2.0	3	34.0	1	1	2.0	3	2.0	1	1	1
1	18.0	3	0	2427.0	4	2	4.0	3	2	2.0	0	42.0	1	1	2.0	1	1.0	1	1	1
0	24.0	2	6	1231.0	3	2	4.0	0	2	4.0	0	57.0	1	2	2.0	0	1.0	0	1	1
1	12.0	4	6	1158.0	0	0	3.0	1	2	1.0	1	26.0	1	1	1.0	1	1.0	0	1	1
2	18.0	4	6	1473.0	1	1	3.0	2	2	4.0	3	39.0	1	1	1.0	1	1.0	0	1	1
2	18.0	2	3	3780.0	1	1	3.0	1	2	2.0	1	35.0	1	1	2.0	0	1.0	0	1	1
0	36.0	2	3	5371.0	1	0	3.0	3	1	2.0	0	28.0	1	1	2.0	1	1.0	1	1	1
2	36.0	3	6	4454.0	1	0	4.0	0	2	4.0	3	34.0	1	1	2.0	1	1.0	1	1	1
1	21.0	3	4	2353.0	1	0	1.0	1	2	4.0	0	47.0	1	1	2.0	1	1.0	1	1	1
0	24.0	4	9	2910.0	1	3	2.0	3	2	1.0	2	34.0	1	0	1.0	0	1.0	0	1	1
3	24.0	4	3	1925.0	1	0	2.0	3	2	2.0	3	26.0	1	1	1.0	1	1.0	1	1	1
2	33.0	3	0	2764.0	1	0	2.0	0	2	2.0	1	26.0	1	1	2.0	1	1.0	0	1	1
2	24.0	4	8	937.0	1	1	4.0	2	2	3.0	1	27.0	1	1	2.0	3	1.0	1	1	1
3	36.0	4	6	4473.0	1	2	4.0	3	2	2.0	1	31.0	1	1	1.0	1	1.0	1	1	1
1	24.0	3	0	4712.0	4	0	4.0	3	2	2.0	0	37.0	0	1	2.0	0	1.0	0	1	1
2	48.0	2	9	8858.0	4	3	2.0	3	2	1.0	2	35.0	1	0	2.0	1	1.0	0	1	1
1	18.0	4	6	866.0	1	0	4.0	2	1	2.0	3	25.0	1	1	1.0	3	1.0	1	1	1
2	12.0	2	0	1412.0	1	0	4.0	0	1	2.0	3	29.0	1	1	2.0	0	1.0	0	1	1
2	4.0	2	6	1544.0	1	3	2.0	3	2	1.0	3	42.0	1	1	3.0	3	2.0	1	1	1
2	6.0	2	4	6761.0	1	3	1.0	3	2	3.0	2	45.0	1	1	2.0	0	2.0	0	1	1
2	11.0	2	4	7228.0	1	0	1.0	3	2	4.0	0	39.0	1	1	2.0	3	1.0	1	1	1
0	12.0	4	3	2578.0	1	4	3.0	0	2	4.0	2	55.0	1	0	1.0	0	1.0	1	1	1
0	6.0	2	4	4716.0	4	1	1.0	3	2	3.0	3	44.0	1	1	2.0	3	2.0	1	1	1
2	18.0	4	4	2662.0	4	3	4.0	3	2	3.0	0	32.0	1	1	1.0	1	1.0	1	0	1
3	10.0	2	4	781.0	1	2	4.0	3	2	4.0	2	63.0	1	0	2.0	1	1.0	0	1	1
2	15.0	4	9	3029.0	1	3	2.0	3	2	2.0	1	33.0	1	1	1.0	1	1.0	1	1	1
3	6.0	3	6	683.0	1	1	2.0	0	2	1.0	0	29.0	0	1	1.0	1	1.0	1	1	1
2	24.0	4	9	3488.0	2	3	3.0	0	2	4.0	1	23.0	1	1	1.0	1	1.0	1	1	1
0	12.0	3	4	1344.0	1	0	4.0	3	2	2.0	3	43.0	1	1	2.0	3	2.0	1	1	1
1	12.0	4	3	983.0	3	1	1.0	0	2	4.0	3	19.0	1	2	1.0	3	1.0	1	1	1
0	42.0	4	3	7882.0	1	3	2.0	3	1	4.0	0	45.0	1	0	1.0	1	2.0	1	1	1
2	18.0	4	0	1568.0	2	0	3.0	0	2	4.0	0	24.0	1	2	1.0	3	1.0	1	1	1
1	12.0	4	3	3017.0	1	1	3.0	0	2	1.0	3	34.0	1	2	1.0	0	1.0	1	1	1
2	7.0	3	6	846.0	4	2	3.0	3	2	4.0	2	36.0	1	0	1.0	1	1.0	1	1	1
2	6.0	4	8	1238.0	4	4	4.0	3	2	4.0	0	36.0	1	1	1.0	0	2.0	0	1	1
0	12.0	4	4	1372.0	1	3	2.0	1	2	3.0	1	36.0	1	1	1.0	1	1.0	1	1	0
1	48.0	1	0	6416.0	1	2	4.0	0	2	3.0	2	59.0	1	2	1.0	1	1.0	1	1	0
0	60.0	3	0	6836.0	1	2	3.0	3	2	4.0	2	63.0	1	1	2.0	1	1.0	0	1	0
2	12.0	4	3	1123.0	0	0	4.0	0	2	4.0	1	29.0	1	2	1.0	3	1.0	1	1	0
2	6.0	4	3	4611.0	1	1	1.0	0	2	4.0	0	32.0	1	1	1.0	1	1.0	1	1	0
0	12.0	4	4	1274.0	1	1	3.0	0	2	1.0	3	37.0	1	1	1.0	3	1.0	1	1	0
0	18.0	4	9	7511.0	4	2	1.0	3	2	4.0	0	51.0	1	0	1.0	1	2.0	0	1	0
0	12.0	4	6	709.0	1	2	4.0	3	2	4.0	3	57.0	2	1	1.0	3	1.0	1	1	0
1	6.0	1	4	931.0	2	1	1.0	0	2	1.0	0	32.0	2	1	1.0	3	1.0	1	1	0
0	18.0	4	3	1131.0	1	4	4.0	0	2	2.0	1	33.0	1	1	1.0	1	1.0	1	1	0
1	48.0	4	6	3060.0	1	3	4.0	3	2	4.0	3	28.0	1	1	2.0	1	1.0	1	1	0
1	9.0	4	3	918.0	1	0	4.0	0	2	1.0	0	30.0	1	1	1.0	1	1.0	1	1	0
0	42.0	4	6	7174.0	4	3	4.0	0	2	3.0	1	30.0	1	1	1.0	0	1.0	0	1	0
0	18.0	2	3	2124.0	1	0	4.0	0	2	4.0	3	24.0	1	2	2.0	1	1.0	1	1	0
0	28.0	4	4	4006.0	1	0	3.0	3	2	2.0	1	45.0	1	1	1.0	3	1.0	1	1	0
0	9.0	4	4	1422.0	1	1	3.0	3	2	2.0	2	27.0	1	0	1.0	0	1.0	0	1	0
2	36.0	3	0	9572.0	1	1	1.0	1	2	1.0	1	28.0	1	1	2.0	1	1.0	1	1	0
0	48.0	2	9	6331.0	1	2	4.0	3	2	4.0	2	46.0	1	0	2.0	1	1.0	0	1	0
2	24.0	4	6	3621.0	2	2	2.0	3	2	4.0	1	31.0	1	1	2.0	1	1.0	1	1	0
1	9.0	2	2	1136.0	3	2	4.0	3	2	3.0	2	32.0	1	0	2.0	1	2.0	1	1	0
0	12.0	0	6	6199.0	1	0	4.0	3	2	2.0	0	28.0	1	2	2.0	1	1.0	0	1	0
1	12.0	4	3	2762.0	4	2	1.0	0	2	2.0	0	25.0	0	1	1.0	1	1.0	0	1	0
1	12.0	4	6	1484.0	4	0	2.0	2	2	1.0	3	25.0	1	1	1.0	1	1.0	0	1	0
1	36.0	4	3	9034.0	2	1	4.0	3	0	1.0	2	29.0	1	2	1.0	0	1.0	0	1	0
1	30.0	2	4	5234.0	1	4	4.0	2	2	2.0	1	28.0	1	1	2.0	0	1.0	1	1	0
0	48.0	4	6	6999.0	1	3	1.0	2	1	1.0	3	34.0	1	1	2.0	1	1.0	0	1	0
1	18.0	4	3	1924.0	4	1	4.0	0	2	3.0	3	27.0	1	2	1.0	1	1.0	1	1	0
1	9.0	4	3	959.0	1	0	1.0	0	2	2.0	1	29.0	1	1	1.0	1	1.0	1	0	0
1	21.0	4	0	2767.0	2	2	4.0	1	2	2.0	1	61.0	0	2	2.0	3	1.0	1	1	0
1	48.0	3	2	6224.0	1	2	4.0	3	2	4.0	2	50.0	1	0	1.0	1	1.0	1	1	0
0	6.0	2	4	1361.0	1	1	2.0	3	2	4.0	3	40.0	1	1	1.0	3	2.0	1	0	1
2	10.0	4	9	2901.0	4	1	1.0	0	2	4.0	3	31.0	1	2	1.0	1	1.0	1	1	1
0	12.0	4	3	2577.0	1	0	2.0	1	2	1.0	1	42.0	1	1	1.0	1	1.0	1	1	1
0	12.0	4	3	1289.0	1	0	4.0	3	1	1.0	0	21.0	1	1	1.0	3	1.0	1	1	1
2	24.0	1	0	1559.0	1	3	4.0	3	2	4.0	1	50.0	0	1	1.0	1	1.0	0	1	1
2	36.0	3	9	8947.0	4	3	3.0	3	2	2.0	1	31.0	2	1	1.0	0	2.0	0	1	1
2	48.0	3	6	12749.0	0	3	4.0	3	2	1.0	1	37.0	1	1	1.0	0	1.0	0	1	1
2	15.0	2	6	1316.0	0	0	2.0	2	2	2.0	0	47.0	1	1	2.0	3	1.0	1	1	1
0	6.0	2	6	338.0	0	2	4.0	3	2	4.0	1	52.0	1	1	2.0	1	1.0	1	1	1
1	15.0	2	6	2728.0	4	3	4.0	3	1	2.0	3	35.0	0	1	3.0	1	1.0	0	1	1
1	11.0	2	4	1322.0	3	0	4.0	0	2	4.0	1	40.0	1	1	2.0	1	1.0	1	1	1
1	18.0	4	0	2622.0	2	0	4.0	3	2	4.0	1	34.0	1	1	1.0	1	1.0	1	1	1
2	24.0	4	3	3062.0	0	2	4.0	3	2	3.0	2	32.0	1	2	1.0	1	1.0	0	1	1
2	24.0	2	6	5103.0	1	1	3.0	2	2	3.0	2	47.0	1	0	3.0	1	1.0	0	1	1
2	12.0	4	3	763.0	1	0	4.0	0	2	1.0	3	26.0	1	1	1.0	1	1.0	0	1	1
1	24.0	4	4	1201.0	1	1	4.0	3	2	1.0	0	26.0	1	1	1.0	1	1.0	1	1	1
2	12.0	4	6	3059.0	3	3	2.0	1	2	4.0	3	61.0	1	1	1.0	3	1.0	1	1	1
1	24.0	2	2	5743.0	1	1	2.0	0	2	4.0	2	24.0	1	0	2.0	1	1.0	0	1	1
1	48.0	4	5	5381.0	4	4	3.0	3	2	4.0	2	40.0	0	0	1.0	2	1.0	0	1	1
0	20.0	2	3	4272.0	1	2	1.0	0	2	4.0	0	24.0	1	1	2.0	1	1.0	1	1	1
0	9.0	2	7	1288.0	2	2	3.0	3	1	4.0	3	48.0	1	1	2.0	1	2.0	1	0	1
0	11.0	2	4	3939.0	1	0	1.0	3	2	2.0	3	40.0	1	1	2.0	3	2.0	1	1	1
0	8.0	2	5	1164.0	1	2	3.0	3	2	4.0	2	51.0	0	0	2.0	0	2.0	0	1	1
2	60.0	3	6	15653.0	1	3	2.0	3	2	4.0	1	21.0	1	1	2.0	1	1.0	0	1	1
2	6.0	4	3	2978.0	0	0	1.0	3	2	2.0	1	32.0	1	1	1.0	1	1.0	0	1	1
0	6.0	4	4	662.0	1	1	3.0	3	2	4.0	3	41.0	1	1	1.0	3	2.0	0	1	1
1	24.0	2	9	7758.0	3	2	2.0	0	2	4.0	2	29.0	1	2	1.0	1	1.0	1	1	1
1	18.0	3	4	2899.0	4	2	4.0	3	2	4.0	1	43.0	1	1	1.0	1	2.0	1	1	1
0	8.0	2	4	731.0	1	2	4.0	3	2	4.0	3	47.0	1	1	2.0	3	1.0	1	1	1
3	24.0	4	6	1377.0	2	2	4.0	0	2	2.0	2	47.0	1	0	1.0	1	1.0	0	1	1
2	24.0	4	6	1376.0	0	3	4.0	0	2	1.0	1	28.0	1	1	1.0	1	1.0	1	1	1
1	12.0	4	0	841.0	2	3	2.0	0	2	4.0	3	23.0	1	2	1.0	3	1.0	1	1	1
0	24.0	1	4	2325.0	2	3	2.0	3	2	3.0	1	32.0	0	1	1.0	1	1.0	1	1	1
0	6.0	2	4	666.0	3	3	3.0	0	2	4.0	3	39.0	1	1	2.0	3	1.0	0	1	1
3	12.0	3	4	2247.0	1	0	2.0	0	2	2.0	1	36.0	2	1	2.0	1	1.0	0	1	1
0	15.0	3	3	3643.0	1	2	1.0	0	2	4.0	0	27.0	1	1	2.0	3	1.0	1	1	1
2	12.0	2	6	717.0	1	2	4.0	3	2	4.0	3	52.0	1	1	3.0	1	1.0	1	1	1
1	18.0	4	6	1301.0	1	2	4.0	2	1	2.0	3	32.0	1	1	1.0	3	1.0	1	1	1
2	18.0	3	6	2320.0	1	4	2.0	2	2	3.0	3	34.0	1	1	2.0	1	1.0	1	1	1
1	6.0	2	8	932.0	4	3	1.0	0	2	3.0	0	39.0	1	1	2.0	3	1.0	1	1	1
2	36.0	4	6	3595.0	1	2	4.0	3	2	2.0	1	28.0	1	1	1.0	1	1.0	1	1	1
2	12.0	4	6	707.0	1	0	4.0	3	2	2.0	3	30.0	0	1	2.0	1	1.0	1	1	1
1	30.0	4	6	1715.0	4	0	4.0	0	2	1.0	1	26.0	1	1	1.0	1	1.0	1	1	1
0	24.0	4	3	7721.0	4	1	1.0	0	2	2.0	0	30.0	1	1	1.0	1	1.0	0	0	1
1	18.0	4	9	2779.0	1	0	1.0	2	2	3.0	1	21.0	1	2	1.0	1	1.0	0	1	1
1	15.0	4	6	1444.0	4	1	4.0	3	2	1.0	0	23.0	1	1	1.0	1	1.0	1	1	1
2	24.0	4	9	5433.0	4	4	2.0	0	2	4.0	0	26.0	1	2	1.0	0	1.0	0	1	1
2	18.0	2	6	1582.0	3	2	4.0	3	2	4.0	1	46.0	1	1	2.0	1	1.0	1	1	1
2	12.0	4	4	640.0	1	0	4.0	1	2	2.0	3	49.0	1	1	1.0	3	1.0	1	1	1
0	9.0	2	6	1138.0	1	0	4.0	3	2	4.0	3	25.0	1	1	2.0	3	1.0	1	1	1
0	10.0	2	4	2241.0	1	1	1.0	3	2	3.0	3	48.0	1	2	2.0	3	2.0	1	0	1
2	15.0	3	3	960.0	3	3	3.0	0	2	2.0	0	30.0	1	1	2.0	1	1.0	1	1	1
0	39.0	2	3	14179.0	4	3	4.0	3	2	4.0	0	30.0	1	1	2.0	0	1.0	0	1	1
2	18.0	2	6	629.0	0	2	4.0	3	2	3.0	0	32.0	0	1	2.0	0	1.0	0	1	1
1	36.0	3	0	9857.0	2	3	1.0	3	2	3.0	0	31.0	1	1	2.0	3	2.0	0	1	1
2	18.0	4	6	1505.0	1	0	4.0	3	2	2.0	2	32.0	1	0	1.0	0	1.0	0	1	1
2	36.0	4	2	9055.0	4	0	2.0	3	2	4.0	2	35.0	1	0	1.0	3	2.0	0	1	1
0	12.0	4	4	1893.0	1	0	4.0	0	1	4.0	0	29.0	1	1	1.0	1	1.0	0	1	1
0	24.0	4	9	2812.0	4	2	2.0	0	2	4.0	3	26.0	1	2	1.0	1	1.0	1	1	1
2	6.0	2	6	1740.0	1	2	2.0	2	2	2.0	3	30.0	1	2	2.0	1	1.0	1	1	1
2	24.0	3	0	3863.0	1	0	1.0	3	2	2.0	2	32.0	1	0	1.0	1	1.0	1	1	1
1	12.0	4	4	1318.0	3	2	4.0	3	2	4.0	3	54.0	1	1	1.0	1	1.0	0	1	1
2	24.0	2	7	2058.0	1	0	4.0	1	2	2.0	3	33.0	1	1	2.0	1	1.0	0	1	1
2	12.0	0	3	2759.0	1	2	2.0	3	2	4.0	0	34.0	1	1	2.0	1	1.0	1	1	1
0	6.0	2	6	1169.0	4	2	4.0	3	2	4.0	3	67.0	1	1	2.0	1	1.0	0	1	1
0	24.0	4	6	1603.0	1	2	4.0	0	2	4.0	1	55.0	1	1	1.0	1	1.0	1	1	1
2	15.0	2	4	5045.0	4	2	1.0	0	2	4.0	1	59.0	1	1	1.0	1	1.0	0	1	1
1	9.0	4	4	1549.0	4	1	4.0	3	2	2.0	3	35.0	1	1	1.0	2	1.0	1	1	1
2	24.0	2	6	2578.0	3	2	2.0	3	2	2.0	1	34.0	1	1	1.0	1	1.0	1	1	1
1	18.0	4	4	5866.0	2	0	2.0	3	2	2.0	1	30.0	1	1	2.0	1	1.0	0	1	1
0	36.0	1	3	2746.0	1	2	4.0	3	2	4.0	1	31.0	0	1	1.0	1	1.0	1	1	0
2	12.0	2	0	2292.0	1	4	4.0	3	2	2.0	1	42.0	2	1	2.0	0	1.0	0	1	0
0	36.0	3	0	2145.0	1	3	2.0	3	2	1.0	1	24.0	1	1	2.0	1	1.0	0	1	0
0	12.0	4	9	3386.0	1	2	3.0	3	2	4.0	2	35.0	1	0	1.0	1	1.0	0	1	0
0	24.0	4	4	1371.0	4	0	4.0	0	2	4.0	3	25.0	1	2	1.0	1	1.0	1	1	0
0	24.0	4	3	3234.0	1	1	4.0	0	2	4.0	3	23.0	1	2	1.0	3	1.0	0	1	0
2	30.0	1	9	7485.0	4	4	4.0	0	2	1.0	3	53.0	0	1	1.0	0	1.0	0	1	0
0	30.0	4	3	6350.0	4	2	4.0	3	2	4.0	0	31.0	1	1	1.0	1	1.0	1	1	0
0	12.0	4	4	759.0	1	3	4.0	3	2	2.0	3	26.0	1	1	1.0	1	1.0	1	1	0
0	12.0	4	6	674.0	2	3	4.0	2	2	1.0	0	20.0	1	1	1.0	1	1.0	1	1	0
0	12.0	4	4	1228.0	1	0	4.0	0	2	2.0	3	24.0	1	1	1.0	3	1.0	1	1	0
2	18.0	2	4	1530.0	1	0	3.0	3	2	2.0	0	32.0	0	1	2.0	1	1.0	1	1	0
0	36.0	4	4	9271.0	1	3	2.0	3	2	1.0	1	24.0	1	1	1.0	1	1.0	0	1	0
1	48.0	4	4	6560.0	2	3	3.0	3	2	2.0	0	24.0	1	1	1.0	1	1.0	1	1	0
0	48.0	1	0	7685.0	1	3	2.0	0	1	4.0	1	37.0	1	2	1.0	1	1.0	1	1	0
1	24.0	4	5	11328.0	1	0	2.0	3	0	3.0	1	29.0	0	1	2.0	0	1.0	0	1	0
3	15.0	2	6	1271.0	4	0	3.0	3	2	4.0	2	39.0	1	0	2.0	1	1.0	0	1	0
1	6.0	3	4	1209.0	1	4	4.0	3	2	4.0	0	47.0	1	1	1.0	0	1.0	0	1	0
0	18.0	4	6	2600.0	1	0	4.0	3	2	4.0	2	65.0	1	0	2.0	1	1.0	1	1	0
0	24.0	4	4	4817.0	1	3	2.0	3	0	3.0	0	31.0	1	1	1.0	1	1.0	0	1	0
0	18.0	4	6	3190.0	1	0	2.0	0	2	2.0	3	24.0	1	1	1.0	1	1.0	1	1	0
0	18.0	4	3	2462.0	1	0	2.0	3	2	2.0	1	22.0	1	1	1.0	1	1.0	1	1	0
1	30.0	2	4	4249.0	1	4	4.0	2	2	2.0	1	28.0	1	1	2.0	0	1.0	1	1	0
2	12.0	2	6	797.0	4	2	4.0	0	2	3.0	0	33.0	0	1	1.0	3	2.0	1	1	0
1	18.0	2	4	1056.0	1	2	3.0	3	1	3.0	3	30.0	0	1	2.0	1	1.0	1	1	0
2	12.0	3	7	1555.0	3	2	4.0	3	2	4.0	2	55.0	1	0	2.0	1	2.0	1	1	0
0	48.0	2	9	6143.0	1	2	4.0	0	2	4.0	2	58.0	2	0	2.0	3	1.0	1	1	0
0	24.0	1	0	3161.0	1	0	4.0	3	2	2.0	0	31.0	1	2	1.0	1	1.0	0	1	0
0	20.0	2	4	2235.0	1	0	4.0	2	1	2.0	0	33.0	0	2	2.0	1	1.0	1	0	0
1	12.0	4	3	1922.0	1	0	4.0	3	2	2.0	0	37.0	1	1	1.0	3	1.0	1	1	0
2	12.0	4	9	1413.0	3	3	3.0	3	2	2.0	0	55.0	1	1	1.0	1	1.0	1	0	1
2	24.0	3	9	4679.0	1	3	3.0	3	2	3.0	1	35.0	1	1	2.0	3	1.0	0	1	1
1	36.0	3	4	7432.0	1	0	2.0	0	2	2.0	0	54.0	1	2	1.0	1	1.0	1	1	1
3	4.0	4	4	1494.0	4	1	1.0	3	2	2.0	3	29.0	1	1	1.0	3	2.0	1	0	1
2	12.0	4	3	1574.0	1	0	4.0	3	2	2.0	3	50.0	1	1	1.0	1	1.0	1	1	1
2	12.0	4	6	2141.0	2	3	3.0	3	2	1.0	2	35.0	1	1	1.0	1	1.0	1	1	1
0	12.0	4	3	1657.0	1	0	2.0	3	2	2.0	3	27.0	1	1	1.0	1	1.0	1	1	1
1	18.0	2	0	1887.0	4	0	4.0	2	2	4.0	3	28.0	0	1	2.0	1	1.0	1	1	1
3	15.0	4	2	1905.0	1	2	4.0	3	2	4.0	1	40.0	1	2	1.0	0	1.0	0	1	1
3	12.0	4	6	3399.0	4	2	2.0	3	2	3.0	1	37.0	1	1	1.0	0	1.0	1	1	1
2	15.0	4	1	874.0	4	1	4.0	0	2	1.0	3	24.0	1	1	1.0	1	1.0	1	1	1
2	30.0	2	6	5771.0	1	3	4.0	0	2	2.0	1	25.0	1	1	2.0	1	1.0	1	1	1
2	6.0	4	1	1338.0	0	0	1.0	1	2	4.0	3	62.0	1	1	1.0	1	1.0	1	1	1
1	24.0	2	4	3878.0	2	1	4.0	1	2	2.0	1	37.0	1	1	1.0	1	1.0	0	1	1
2	12.0	2	6	1240.0	4	2	4.0	0	2	2.0	3	38.0	1	1	2.0	1	1.0	0	1	1
0	15.0	2	3	1433.0	1	0	4.0	0	2	3.0	0	25.0	1	2	2.0	1	1.0	1	1	1
0	24.0	2	9	6615.0	1	4	2.0	3	2	4.0	2	75.0	1	0	2.0	0	1.0	0	1	1
3	18.0	1	6	1445.0	4	3	4.0	3	2	4.0	1	49.0	0	1	1.0	3	1.0	1	1	1
2	48.0	3	6	7238.0	4	2	3.0	3	2	3.0	1	32.0	0	1	2.0	1	2.0	1	1	1
2	6.0	4	2	1538.0	1	1	1.0	0	2	2.0	2	56.0	1	1	1.0	1	1.0	1	1	1
1	12.0	2	4	958.0	1	3	2.0	3	2	3.0	3	47.0	1	1	2.0	3	2.0	1	1	1
2	21.0	4	9	2476.0	4	2	4.0	3	2	4.0	3	46.0	1	1	1.0	0	1.0	0	1	1
0	36.0	4	3	3959.0	1	4	4.0	3	2	3.0	0	30.0	1	1	1.0	0	1.0	0	1	1
2	6.0	2	6	1382.0	1	0	1.0	0	2	1.0	1	28.0	1	1	2.0	1	1.0	0	1	1
1	10.0	4	3	1521.0	1	0	4.0	1	2	2.0	1	31.0	1	1	1.0	3	1.0	1	1	1
1	12.0	4	6	1155.0	1	2	3.0	2	1	3.0	3	40.0	0	1	2.0	3	1.0	1	1	1
2	15.0	4	3	2221.0	0	0	2.0	0	2	4.0	1	20.0	1	2	1.0	1	1.0	1	1	1
3	9.0	4	6	1126.0	2	2	2.0	1	2	4.0	3	49.0	1	1	1.0	1	1.0	1	1	1
1	30.0	4	6	2991.0	4	2	2.0	0	2	4.0	1	25.0	1	1	1.0	1	1.0	1	1	1
0	27.0	4	6	3416.0	1	0	3.0	3	2	2.0	1	27.0	1	1	1.0	0	1.0	1	1	1
1	27.0	4	0	2528.0	1	1	4.0	0	2	1.0	0	32.0	1	1	1.0	1	2.0	0	1	1
1	24.0	3	4	1965.0	4	0	4.0	0	2	4.0	1	42.0	1	2	2.0	1	1.0	0	1	1
0	30.0	4	6	2522.0	1	2	1.0	3	1	3.0	0	39.0	1	1	1.0	1	2.0	1	1	1
2	10.0	2	4	1231.0	1	2	3.0	3	2	4.0	3	32.0	1	1	2.0	3	2.0	1	0	1
2	39.0	4	9	2569.0	0	0	4.0	3	2	4.0	1	24.0	1	1	1.0	1	1.0	1	1	1
1	24.0	3	3	2333.0	4	1	4.0	3	2	2.0	0	29.0	0	1	1.0	3	1.0	1	1	1
2	54.0	0	9	9436.0	4	0	2.0	3	2	2.0	0	39.0	1	1	1.0	3	2.0	1	1	1
3	12.0	4	3	1424.0	4	2	3.0	0	2	4.0	3	55.0	1	1	1.0	0	1.0	0	1	1
1	48.0	4	6	3979.0	4	3	4.0	3	2	1.0	1	41.0	1	1	2.0	1	2.0	0	1	1
0	12.0	4	3	3590.0	1	0	2.0	3	0	2.0	0	29.0	1	1	1.0	3	2.0	1	1	1
3	18.0	4	4	1961.0	1	2	3.0	0	2	2.0	1	23.0	1	1	1.0	0	1.0	1	1	1
2	21.0	4	3	2241.0	1	2	4.0	3	2	2.0	3	50.0	1	1	2.0	1	1.0	1	1	1
3	12.0	4	3	2251.0	1	0	1.0	0	2	2.0	1	46.0	1	1	1.0	3	1.0	1	1	1
1	13.0	2	6	882.0	1	1	4.0	3	1	4.0	3	23.0	1	1	2.0	1	1.0	1	1	1
0	12.0	4	6	701.0	1	0	4.0	2	2	2.0	3	40.0	1	1	1.0	3	1.0	1	1	1
1	9.0	4	0	1391.0	1	0	2.0	2	2	1.0	3	27.0	0	1	1.0	1	1.0	0	1	1
2	24.0	2	6	2684.0	1	0	4.0	3	2	2.0	3	35.0	1	1	2.0	3	1.0	1	1	1
1	39.0	3	2	11760.0	2	3	2.0	3	2	3.0	2	32.0	1	2	1.0	1	1.0	0	1	1
2	30.0	4	6	1867.0	4	2	4.0	3	2	4.0	1	58.0	1	1	1.0	1	1.0	0	1	1
1	36.0	2	6	2337.0	1	2	4.0	3	2	4.0	3	36.0	1	1	1.0	1	1.0	1	1	1
2	12.0	2	6	976.0	4	2	4.0	3	2	4.0	1	35.0	1	1	2.0	1	1.0	1	1	1
2	36.0	3	4	10875.0	1	2	2.0	3	2	2.0	1	45.0	1	1	2.0	1	2.0	0	1	1
2	15.0	2	6	1360.0	1	0	4.0	3	2	2.0	0	31.0	1	1	2.0	1	1.0	1	1	1
2	30.0	2	9	7596.0	4	2	1.0	3	2	4.0	1	63.0	1	1	2.0	1	1.0	1	1	1
1	36.0	1	1	3990.0	4	1	3.0	0	2	2.0	2	29.0	0	1	1.0	2	1.0	1	1	1
2	36.0	2	9	11054.0	4	0	4.0	3	2	2.0	1	30.0	1	1	1.0	0	1.0	0	1	1
0	6.0	2	4	609.0	1	3	4.0	0	2	3.0	0	37.0	1	1	2.0	1	1.0	1	0	1
2	12.0	3	9	1503.0	1	0	4.0	2	2	4.0	3	41.0	1	2	1.0	1	1.0	1	1	1
1	18.0	2	0	3590.0	1	4	3.0	2	2	3.0	1	40.0	1	1	3.0	2	2.0	0	1	1
2	9.0	2	4	2134.0	1	0	4.0	3	2	4.0	1	48.0	1	1	3.0	1	1.0	0	1	1
1	48.0	0	4	8358.0	0	1	1.0	0	2	1.0	1	30.0	1	1	2.0	1	1.0	1	1	1
2	24.0	2	3	3777.0	3	0	4.0	3	2	4.0	3	50.0	1	1	1.0	1	1.0	0	1	1
2	24.0	4	6	3235.0	0	2	3.0	1	2	2.0	1	26.0	1	1	1.0	0	1.0	0	1	1
2	60.0	4	6	10144.0	2	3	2.0	0	2	4.0	3	21.0	1	1	1.0	1	1.0	0	1	1
3	10.0	4	1	1225.0	1	0	2.0	3	2	2.0	1	37.0	1	1	1.0	1	1.0	0	1	1
2	36.0	2	6	9566.0	1	0	2.0	0	2	2.0	1	31.0	2	1	2.0	1	1.0	1	1	1
2	24.0	4	9	6313.0	4	2	3.0	3	2	4.0	1	41.0	1	1	1.0	0	2.0	0	1	1
1	30.0	4	3	3832.0	1	1	2.0	2	2	1.0	0	22.0	1	1	1.0	1	1.0	1	1	1
0	12.0	4	6	2214.0	1	0	4.0	3	2	3.0	0	24.0	1	1	1.0	3	1.0	1	1	1
2	10.0	4	6	1924.0	1	0	1.0	3	2	4.0	0	38.0	1	1	1.0	1	1.0	0	0	1
1	30.0	0	0	4280.0	2	0	4.0	0	2	4.0	1	26.0	1	2	2.0	3	1.0	1	1	0
1	9.0	1	4	1437.0	2	3	2.0	3	2	3.0	2	29.0	1	1	1.0	1	1.0	1	1	0
2	36.0	4	3	3349.0	1	0	4.0	0	2	2.0	1	28.0	1	1	1.0	0	1.0	0	1	0
1	24.0	4	4	1246.0	1	1	4.0	3	2	2.0	3	23.0	2	1	1.0	3	1.0	1	1	0
1	12.0	4	6	1534.0	1	1	1.0	2	2	1.0	3	23.0	1	2	1.0	1	1.0	1	1	0
0	24.0	4	6	1938.0	1	1	4.0	1	2	3.0	0	32.0	1	1	1.0	1	1.0	1	1	0
0	21.0	4	6	1835.0	1	0	3.0	0	2	2.0	3	25.0	1	1	2.0	1	1.0	0	1	0
0	12.0	2	4	3499.0	1	0	3.0	0	0	2.0	3	29.0	1	1	2.0	1	1.0	1	1	0
1	27.0	4	0	3915.0	1	0	4.0	3	2	2.0	1	36.0	1	1	1.0	1	2.0	0	1	0
2	12.0	4	4	1386.0	0	0	2.0	0	2	2.0	0	26.0	1	1	1.0	1	1.0	1	1	0
1	12.0	4	4	1295.0	1	1	3.0	0	2	1.0	1	25.0	1	2	1.0	1	1.0	1	1	0
1	36.0	4	7	2384.0	1	1	4.0	3	2	1.0	2	33.0	1	2	1.0	3	1.0	1	1	0
0	48.0	4	4	3931.0	1	3	4.0	3	2	4.0	2	46.0	1	0	1.0	1	2.0	1	1	0
0	24.0	1	3	6872.0	1	1	2.0	1	2	1.0	0	55.0	0	1	1.0	1	1.0	0	1	0
0	18.0	2	4	3966.0	1	2	1.0	0	2	4.0	3	33.0	0	2	3.0	1	1.0	0	1	0
2	18.0	3	3	1808.0	1	3	4.0	0	2	1.0	3	22.0	1	1	1.0	1	1.0	1	1	0
2	10.0	4	3	2210.0	1	0	2.0	3	2	2.0	3	25.0	0	2	1.0	3	1.0	1	1	0
2	18.0	2	4	2775.0	1	3	2.0	3	2	2.0	0	31.0	0	1	2.0	1	1.0	1	1	0
1	18.0	4	9	12976.0	1	4	3.0	0	2	4.0	2	38.0	1	0	1.0	0	1.0	0	1	0
0	12.0	2	3	2246.0	1	2	3.0	3	2	3.0	0	60.0	1	1	2.0	1	1.0	1	1	0
1	9.0	4	6	1670.0	1	1	4.0	0	2	2.0	1	22.0	1	1	1.0	1	1.0	0	1	0
1	18.0	2	6	1245.0	1	0	4.0	2	2	2.0	1	33.0	1	1	1.0	1	1.0	1	1	0
0	24.0	3	4	4870.0	1	0	3.0	3	2	4.0	2	53.0	1	0	2.0	1	2.0	1	1	0
2	10.0	4	4	1309.0	4	0	4.0	3	1	4.0	0	27.0	1	1	1.0	3	1.0	1	1	0
3	12.0	1	0	609.0	1	1	4.0	0	2	1.0	3	26.0	1	1	1.0	2	1.0	1	1	0
0	18.0	4	3	4153.0	1	0	2.0	3	0	3.0	1	42.0	1	1	1.0	1	1.0	1	1	0
1	18.0	3	3	4297.0	1	2	4.0	1	2	3.0	2	40.0	1	1	1.0	0	1.0	0	1	0
1	18.0	2	4	884.0	1	2	4.0	3	2	4.0	1	36.0	0	1	1.0	1	2.0	0	1	0
1	48.0	0	0	14421.0	1	0	2.0	3	2	2.0	1	25.0	1	1	1.0	1	1.0	0	1	0
0	24.0	3	6	1659.0	1	1	4.0	0	2	2.0	1	29.0	1	2	1.0	3	1.0	0	1	0
2	12.0	4	4	3527.0	4	1	2.0	3	2	3.0	0	45.0	1	1	1.0	0	2.0	0	1	1
2	12.0	2	4	1163.0	0	0	4.0	3	2	4.0	3	44.0	1	1	1.0	1	1.0	0	1	1
1	30.0	2	4	2181.0	4	2	4.0	3	2	4.0	3	36.0	1	1	2.0	1	1.0	1	1	1
1	9.0	4	2	1199.0	1	3	4.0	0	2	4.0	0	67.0	1	1	2.0	0	1.0	0	1	1
2	18.0	4	0	1950.0	1	3	4.0	3	2	1.0	1	34.0	2	1	2.0	1	1.0	0	1	1
2	24.0	4	4	2255.0	4	1	4.0	3	2	1.0	0	54.0	1	1	1.0	1	1.0	1	1	1
1	12.0	4	8	754.0	4	2	4.0	3	2	4.0	0	38.0	1	1	2.0	1	1.0	1	1	1
2	4.0	2	4	3380.0	1	3	1.0	0	2	1.0	3	37.0	1	1	1.0	1	2.0	1	1	1
2	15.0	2	6	1471.0	1	0	4.0	3	2	4.0	2	35.0	1	0	2.0	1	1.0	0	1	1
2	10.0	4	4	1287.0	4	2	4.0	3	0	2.0	0	45.0	1	1	1.0	3	1.0	1	0	1
0	12.0	4	6	1498.0	1	0	4.0	0	2	1.0	1	23.0	0	1	1.0	1	1.0	1	1	1
2	6.0	2	4	250.0	3	0	2.0	0	2	2.0	3	41.0	0	1	2.0	3	1.0	1	1	1
0	18.0	4	6	2389.0	1	1	4.0	0	2	1.0	1	27.0	2	1	1.0	1	1.0	1	1	1
3	6.0	4	4	709.0	3	1	2.0	2	2	2.0	3	27.0	1	1	1.0	2	1.0	1	0	1
2	27.0	3	0	5117.0	1	3	3.0	3	2	4.0	1	26.0	1	1	2.0	1	1.0	1	1	1
3	30.0	2	6	3656.0	4	2	4.0	3	2	4.0	0	49.0	2	1	2.0	3	1.0	1	1	1
2	9.0	4	3	1313.0	1	2	1.0	3	2	4.0	1	20.0	1	1	1.0	1	1.0	1	1	1
2	15.0	4	9	4657.0	1	0	3.0	3	2	2.0	1	30.0	1	1	1.0	1	1.0	0	1	1
3	30.0	2	6	3017.0	1	2	4.0	3	2	4.0	0	47.0	1	1	1.0	1	1.0	1	1	1
0	12.0	1	8	339.0	1	2	4.0	2	2	1.0	1	45.0	0	1	1.0	3	1.0	1	1	1
1	6.0	4	6	753.0	1	0	2.0	0	1	3.0	3	64.0	1	1	1.0	1	1.0	1	1	1
1	27.0	3	9	5965.0	1	2	1.0	3	2	2.0	1	30.0	1	1	2.0	0	1.0	0	1	1
1	21.0	4	3	3976.0	4	3	2.0	3	2	3.0	1	35.0	1	1	1.0	1	1.0	0	1	1
2	36.0	4	9	4686.0	1	0	2.0	3	2	2.0	2	32.0	1	0	1.0	0	1.0	0	1	1
3	24.0	2	3	3617.0	4	2	4.0	3	0	4.0	2	20.0	1	2	2.0	1	1.0	1	1	1
2	18.0	4	9	3378.0	4	0	2.0	3	2	1.0	0	31.0	1	1	1.0	1	1.0	0	1	1
2	60.0	4	4	10366.0	1	2	2.0	3	2	4.0	0	42.0	1	1	1.0	0	1.0	0	1	1
2	6.0	4	3	1766.0	1	0	1.0	2	2	2.0	0	21.0	1	2	1.0	1	1.0	1	1	1
2	24.0	2	9	2197.0	4	3	4.0	3	2	4.0	1	43.0	1	1	2.0	1	2.0	0	1	1
1	30.0	3	0	2503.0	2	2	4.0	3	2	2.0	0	41.0	2	1	2.0	1	1.0	1	1	1
0	8.0	2	4	3398.0	1	3	1.0	3	2	4.0	3	39.0	1	1	2.0	3	1.0	1	0	1
1	6.0	4	6	368.0	4	2	4.0	3	2	4.0	0	38.0	1	1	1.0	1	1.0	1	1	1
1	12.0	0	8	1410.0	1	0	2.0	3	2	2.0	3	31.0	1	1	1.0	3	1.0	0	1	1
0	9.0	4	3	2136.0	1	0	3.0	3	2	2.0	3	25.0	1	1	1.0	1	1.0	1	1	1
0	18.0	4	4	4380.0	2	0	3.0	3	2	4.0	1	35.0	1	1	1.0	3	2.0	0	1	1
2	48.0	2	9	2751.0	4	2	4.0	3	2	3.0	1	38.0	1	1	2.0	1	2.0	0	1	1
2	24.0	2	6	2424.0	4	2	4.0	3	2	4.0	0	53.0	1	1	2.0	1	1.0	1	1	1
2	10.0	4	4	1597.0	0	0	3.0	3	2	2.0	2	40.0	1	2	1.0	3	2.0	1	0	1
1	20.0	3	5	2629.0	1	0	2.0	3	2	3.0	1	29.0	0	1	2.0	1	1.0	0	1	1
1	15.0	4	7	1308.0	1	2	4.0	3	2	4.0	1	38.0	1	1	2.0	3	1.0	1	1	1
2	36.0	2	9	10477.0	4	2	2.0	3	2	4.0	2	42.0	1	0	2.0	1	1.0	1	1	1
1	9.0	4	4	276.0	1	0	4.0	2	2	4.0	3	22.0	1	2	1.0	3	1.0	1	1	1
2	9.0	4	4	3577.0	2	0	1.0	3	1	2.0	3	26.0	1	2	1.0	1	2.0	1	0	1
1	24.0	4	3	3069.0	2	2	4.0	3	2	4.0	2	30.0	1	0	1.0	1	1.0	1	1	1
2	36.0	4	6	3835.0	4	2	2.0	0	2	4.0	3	45.0	1	1	1.0	3	1.0	0	1	1
2	9.0	2	2	1244.0	4	2	4.0	0	2	4.0	0	41.0	1	2	2.0	3	1.0	1	1	1
2	30.0	2	6	4530.0	1	3	4.0	0	2	4.0	1	26.0	1	2	1.0	0	1.0	0	1	1
2	4.0	4	3	601.0	1	1	1.0	0	2	3.0	3	23.0	1	2	1.0	3	2.0	1	1	1
2	18.0	4	6	4594.0	1	1	3.0	3	2	2.0	1	32.0	1	1	1.0	1	1.0	0	1	1
1	9.0	4	3	2030.0	4	3	2.0	3	2	1.0	1	24.0	1	1	1.0	1	1.0	0	1	1
2	24.0	4	9	2670.0	1	2	4.0	3	2	4.0	1	35.0	1	1	1.0	0	1.0	0	1	1
2	48.0	4	6	10222.0	4	3	4.0	3	2	3.0	1	37.0	2	1	1.0	1	1.0	0	1	1
0	12.0	4	3	652.0	1	2	4.0	0	2	4.0	0	24.0	1	2	1.0	1	1.0	1	1	1
1	12.0	2	4	2366.0	0	3	3.0	1	2	3.0	1	36.0	1	1	1.0	0	1.0	0	1	1
1	36.0	4	9	6948.0	1	0	2.0	3	2	2.0	1	35.0	1	2	1.0	0	1.0	0	1	1
3	6.0	2	4	1343.0	1	2	1.0	3	2	4.0	3	46.0	1	1	2.0	1	2.0	1	0	1
0	24.0	4	6	2384.0	1	2	4.0	3	2	4.0	3	64.0	0	2	1.0	3	1.0	1	1	1
0	42.0	2	7	3394.0	1	4	4.0	3	0	4.0	1	65.0	1	1	2.0	2	1.0	1	1	1
3	24.0	4	6	5152.0	1	3	4.0	3	2	2.0	1	25.0	0	1	1.0	1	1.0	1	1	1
1	10.0	1	6	1048.0	1	0	4.0	3	2	4.0	3	23.0	2	1	1.0	3	1.0	1	1	1
3	15.0	4	2	392.0	1	1	4.0	0	2	4.0	0	23.0	1	2	1.0	1	1.0	0	1	1
1	24.0	4	6	5084.0	4	2	2.0	0	2	4.0	1	42.0	1	1	1.0	1	1.0	0	1	1
0	18.0	2	6	1880.0	1	3	4.0	2	2	1.0	0	32.0	1	1	2.0	0	1.0	0	1	1
1	48.0	0	0	12204.0	4	0	2.0	3	2	2.0	1	48.0	0	1	1.0	0	1.0	0	1	1
1	18.0	4	4	6260.0	1	3	3.0	3	2	3.0	3	28.0	1	2	1.0	3	1.0	1	1	1
2	21.0	3	9	2993.0	1	0	3.0	3	2	2.0	3	28.0	2	1	2.0	3	1.0	1	1	1
2	15.0	4	6	1386.0	4	0	4.0	2	2	2.0	3	40.0	1	2	1.0	1	1.0	0	1	1
0	6.0	4	3	428.0	1	2	2.0	0	2	1.0	0	49.0	0	1	1.0	1	1.0	0	1	1
1	15.0	4	7	1514.0	2	0	4.0	3	1	2.0	3	22.0	1	1	1.0	1	1.0	1	1	1
2	15.0	2	3	3343.0	1	0	4.0	3	2	2.0	2	28.0	1	0	1.0	1	1.0	0	1	1
1	27.0	2	6	2520.0	0	0	4.0	3	2	2.0	0	23.0	1	1	2.0	3	1.0	1	1	0
0	18.0	4	4	976.0	1	1	1.0	0	2	2.0	1	23.0	1	1	1.0	3	1.0	1	1	0
1	48.0	4	3	9960.0	1	1	1.0	0	2	2.0	1	26.0	1	1	1.0	1	1.0	0	1	0
1	24.0	4	9	4113.0	0	1	3.0	0	2	4.0	1	28.0	1	2	1.0	1	1.0	1	1	0
2	24.0	3	0	8648.0	1	1	2.0	3	2	2.0	1	27.0	0	1	2.0	1	1.0	0	1	0
0	12.0	4	6	727.0	2	1	4.0	2	2	3.0	2	33.0	1	1	1.0	3	1.0	0	1	0
0	6.0	1	2	1198.0	1	2	4.0	0	2	4.0	2	35.0	1	0	1.0	1	1.0	1	1	0
0	24.0	4	4	1207.0	1	1	4.0	0	2	4.0	0	24.0	1	2	1.0	1	1.0	1	1	0
1	9.0	2	2	1501.0	1	2	2.0	0	2	3.0	1	34.0	1	1	2.0	0	1.0	0	1	0
0	24.0	3	6	1024.0	1	1	4.0	2	2	4.0	3	48.0	2	1	1.0	1	1.0	1	1	0
1	30.0	4	3	3441.0	2	0	2.0	0	0	4.0	1	21.0	1	2	1.0	1	1.0	1	1	0
0	9.0	4	4	654.0	1	0	4.0	3	2	3.0	1	28.0	1	1	1.0	3	1.0	1	1	0
1	36.0	4	4	14318.0	1	2	4.0	3	2	2.0	2	57.0	1	0	1.0	0	1.0	0	1	0
1	39.0	2	6	4933.0	1	3	2.0	3	1	2.0	3	25.0	1	1	2.0	1	1.0	1	1	0
0	48.0	4	0	4308.0	1	1	3.0	0	2	4.0	0	24.0	1	2	1.0	1	1.0	1	1	0
0	48.0	4	4	7763.0	1	2	4.0	3	2	4.0	2	42.0	0	0	1.0	0	1.0	1	1	0
0	12.0	4	4	2579.0	1	1	4.0	3	2	1.0	3	33.0	1	1	1.0	3	2.0	1	1	0
1	6.0	1	2	433.0	3	1	4.0	0	2	2.0	0	24.0	0	2	1.0	1	2.0	1	1	0
1	24.0	2	3	4736.0	1	1	2.0	0	2	4.0	1	25.0	0	1	1.0	3	1.0	1	1	0
1	6.0	4	4	14555.0	4	4	1.0	3	2	2.0	0	23.0	1	1	1.0	2	1.0	0	1	0
0	36.0	4	3	5179.0	1	3	4.0	3	2	2.0	0	29.0	1	1	1.0	1	1.0	1	1	0
0	18.0	4	6	1345.0	1	0	4.0	2	2	3.0	3	26.0	0	1	1.0	1	1.0	1	1	0
0	12.0	1	4	697.0	1	1	4.0	3	2	2.0	1	46.0	0	1	2.0	1	1.0	0	1	0
2	48.0	4	0	4844.0	1	4	3.0	3	2	2.0	1	33.0	0	2	1.0	0	1.0	0	1	0
1	36.0	3	4	2225.0	1	2	4.0	3	2	4.0	2	57.0	0	0	2.0	1	1.0	0	1	0
1	24.0	4	4	2718.0	1	0	3.0	0	2	4.0	0	20.0	1	2	1.0	3	1.0	0	1	0
1	36.0	4	6	2671.0	2	0	4.0	0	0	4.0	2	50.0	1	0	1.0	1	1.0	1	1	0
0	36.0	4	4	1842.0	1	1	4.0	0	2	4.0	1	34.0	1	1	1.0	1	1.0	0	1	0
1	24.0	4	3	4057.0	1	3	3.0	1	2	3.0	1	43.0	1	1	1.0	1	1.0	0	1	0
0	24.0	4	6	2439.0	1	1	4.0	0	2	4.0	3	35.0	1	1	1.0	1	1.0	0	1	0
